time_seconds,time_hms,normalized_frequency,clipped_any,clipped_Nimi Island Gets a New Re,clipped_Nimi Opened a New Store a
30.0,0:30,1.0101628351751109,0,0,0
40.0,0:40,1.1012532545214138,0,0,0
50.0,0:50,0.9015749838000215,0,0,0
60.0,1:00,0.8845844993211232,0,0,0
70.0,1:10,1.3389989412844014,0,0,0
80.0,1:20,1.6299000348861514,0,0,0
90.0,1:30,1.7941577397274255,0,0,0
100.0,1:40,1.892663480260635,0,0,0
110.0,1:50,2.077115220133225,0,0,0
120.0,2:00,1.95272550684254,1,0,1
130.0,2:10,1.5462513324733085,1,0,1
140.0,2:20,1.248109984124787,0,0,0
150.0,2:30,1.1020898288159255,0,0,0
160.0,2:40,1.0611035595131528,0,0,0
170.0,2:50,1.058434640610204,0,0,0
180.0,3:00,1.0268248191261649,0,0,0
190.0,3:10,1.1351663924224948,0,0,0
200.0,3:20,1.1761761269890432,0,0,0
210.0,3:30,1.4792441518487165,0,0,0
220.0,3:40,1.5842768047113358,0,0,0
230.0,3:50,1.6020730203252274,0,0,0
240.0,4:00,1.6784843466856991,0,0,0
250.0,4:10,1.5009601681946945,0,0,0
260.0,4:20,1.5529643415825245,0,0,0
270.0,4:30,1.2517376593837957,0,0,0
280.0,4:40,1.0427480780850102,0,0,0
290.0,4:50,0.9166981585304704,0,0,0
300.0,5:00,0.8839664815792553,0,0,0
310.0,5:10,0.8510989128655927,0,0,0
320.0,5:20,0.907341900663452,0,0,0
330.0,5:30,0.9290289208488544,0,0,0
340.0,5:40,1.254455835372938,0,0,0
350.0,5:50,1.48640706489389,0,0,0
360.0,6:00,1.6043260673763229,0,0,0
370.0,6:10,1.5925030898840309,0,0,0
380.0,6:20,1.4200531389521378,0,0,0
390.0,6:30,1.3524925274781412,0,0,0
400.0,6:40,0.9773456635929344,0,0,0
410.0,6:50,0.7168001692111882,0,0,0
420.0,7:00,0.6727041610716158,0,0,0
430.0,7:10,0.8210122282621752,0,0,0
440.0,7:20,0.8683449337907372,0,0,0
450.0,7:30,0.8497156165136591,0,0,0
460.0,7:40,1.0196414825404927,0,0,0
470.0,7:50,1.1289365854865503,0,0,0
480.0,8:00,1.079987927693307,0,0,0
490.0,8:10,1.1641819684403572,0,0,0
500.0,8:20,1.13051322462851,0,0,0
510.0,8:30,1.0967052179007046,0,0,0
520.0,8:40,1.0782347221986397,0,0,0
530.0,8:50,1.070023879051334,0,0,0
540.0,9:00,1.1083894071119456,0,0,0
550.0,9:10,0.9912125611088988,0,0,0
560.0,9:20,1.0607616172265566,0,0,0
570.0,9:30,1.135789059951516,0,0,0
580.0,9:40,1.0075147410514351,0,0,0
590.0,9:50,0.899652537428546,0,0,0
600.0,10:00,0.9171408096819024,0,0,0
610.0,10:10,1.0554677687700789,0,0,0
620.0,10:20,0.9891383771525382,0,0,0
630.0,10:30,0.948901918321941,0,0,0
640.0,10:40,0.9771685747963194,0,0,0
650.0,10:50,1.137848627914429,0,0,0
660.0,11:00,1.1188608316888158,0,0,0
670.0,11:10,1.0360366658634137,0,0,0
680.0,11:20,1.1285546207516164,0,0,0
690.0,11:30,1.1414213943032996,0,0,0
700.0,11:40,1.186396952794344,0,0,0
710.0,11:50,1.0869690905577294,0,0,0
720.0,12:00,1.0729872260696731,0,0,0
730.0,12:10,0.8869337600260396,0,0,0
740.0,12:20,0.807868116529048,0,0,0
750.0,12:30,0.8256231941223929,0,0,0
760.0,12:40,0.7244956293471161,0,0,0
770.0,12:50,0.61755495120934,0,0,0
780.0,13:00,0.5644729621737217,0,0,0
790.0,13:10,0.7830880636358291,1,0,1
800.0,13:20,0.844534452646902,1,0,1
810.0,13:30,0.7806538767415688,0,0,0
820.0,13:40,0.8313848878944498,0,0,0
830.0,13:50,0.9316284750644672,0,0,0
840.0,14:00,0.944401807558478,0,0,0
850.0,14:10,0.7481712774809863,0,0,0
860.0,14:20,0.8322849789409231,0,0,0
870.0,14:30,1.1597025475927232,0,0,0
880.0,14:40,1.2615183931131566,0,0,0
890.0,14:50,1.2251285163667305,1,1,0
900.0,15:00,1.2663509015740628,1,1,0
910.0,15:10,1.3967606205262604,0,0,0
920.0,15:20,1.3548236700499634,0,0,0
930.0,15:30,1.0390031873774457,0,0,0
940.0,15:40,0.9234523720875728,0,0,0
950.0,15:50,0.953246638883438,0,0,0
960.0,16:00,0.9044971851584898,0,0,0
970.0,16:10,0.8386712735450699,0,0,0
980.0,16:20,0.8684594479104529,0,0,0
990.0,16:30,0.8814058109849414,0,0,0
1000.0,16:40,0.9566645083081918,0,0,0
1010.0,16:50,0.8904169331559181,0,0,0
1020.0,17:00,0.8295958356278812,0,0,0
1030.0,17:10,0.7059183746114585,0,0,0
1040.0,17:20,0.6616206073239198,0,0,0
1050.0,17:30,0.6742957296105139,0,0,0
1060.0,17:40,0.7099153786494561,0,0,0
1070.0,17:50,0.9005341221354883,0,0,0
1080.0,18:00,1.0458915409834453,0,0,0
1090.0,18:10,1.2839082279352865,0,0,0
1100.0,18:20,1.1997905042752854,0,0,0
1110.0,18:30,1.3985227093554908,0,0,0
1120.0,18:40,1.3027102988995605,0,0,0
1130.0,18:50,1.3979532168015707,0,0,0
1140.0,19:00,1.5458472893799573,0,0,0
1150.0,19:10,1.7408629507107105,0,0,0
1160.0,19:20,1.8549321853689729,0,0,0
1170.0,19:30,2.191486412986323,0,0,0
1180.0,19:40,2.4238934438421573,0,0,0
1190.0,19:50,2.2172247423339577,0,0,0
1200.0,20:00,2.0744186860073524,0,0,0
1210.0,20:10,1.8250982709215704,0,0,0
1220.0,20:20,1.7517934933371315,0,0,0
1230.0,20:30,1.158199774740995,0,0,0
1240.0,20:40,0.8880116213355076,1,0,1
1250.0,20:50,0.8184751490204107,1,0,1
1260.0,21:00,0.84374809815666,1,0,1
1270.0,21:10,0.7441004242224981,1,0,1
1280.0,21:20,0.6560097907700786,1,0,1
1290.0,21:30,0.8245022298089103,0,0,0
1300.0,21:40,0.9217806585977252,0,0,0
1310.0,21:50,0.9474517118244596,0,0,0
1320.0,22:00,0.829031842419728,0,0,0
1330.0,22:10,0.7342485179222088,0,0,0
1340.0,22:20,0.7054386041422677,0,0,0
1350.0,22:30,0.507389813356136,0,0,0
1360.0,22:40,0.3570282215553051,0,0,0
1370.0,22:50,0.3758627408244037,0,0,0
1380.0,23:00,0.6437681310241495,0,0,0
1390.0,23:10,1.0586632629766408,0,0,0
1400.0,23:20,1.1459096829893891,0,0,0
1410.0,23:30,1.1662960562849516,0,0,0
1420.0,23:40,1.254039308889731,1,0,1
1430.0,23:50,1.2133979935699548,1,0,1
1440.0,24:00,0.8779177947484588,0,0,0
1450.0,24:10,0.5350763221311206,0,0,0
1460.0,24:20,0.5175512497886553,0,0,0
1470.0,24:30,0.5061327578882878,0,0,0
1480.0,24:40,0.5317707956373036,0,0,0
1490.0,24:50,0.5946639549903924,0,0,0
1500.0,25:00,0.6826000658878463,0,0,0
1510.0,25:10,0.6465157985187593,0,0,0
1520.0,25:20,0.5853892140270419,0,0,0
1530.0,25:30,0.5801893650816425,0,0,0
1540.0,25:40,0.606215993642053,0,0,0
1550.0,25:50,0.6448528201913972,0,0,0
1560.0,26:00,0.5895461842673184,1,0,1
1570.0,26:10,0.5780205504288096,1,0,1
1580.0,26:20,0.6734472274562672,0,0,0
1590.0,26:30,0.7502913760859676,0,0,0
1600.0,26:40,0.7516090713920831,0,0,0
1610.0,26:50,0.7719084451478269,0,0,0
1620.0,27:00,0.823965580884732,0,0,0
1630.0,27:10,0.8000089784053863,0,0,0
1640.0,27:20,0.78232437389179,0,0,0
1650.0,27:30,0.7008590727237807,0,0,0
1660.0,27:40,0.7084612219926485,0,0,0
1670.0,27:50,0.607394173426779,0,0,0
1680.0,28:00,0.5508054059429095,1,1,0
1690.0,28:10,0.6351648762534525,1,1,0
1700.0,28:20,0.6555439191775798,1,1,0
1710.0,28:30,0.6824276714119542,0,0,0
1720.0,28:40,0.5739693562221037,0,0,0
1730.0,28:50,0.4974347841546306,0,0,0
1740.0,29:00,0.5112319967906516,0,0,0
1750.0,29:10,0.615827149009331,0,0,0
1760.0,29:20,0.668829644520746,0,0,0
1770.0,29:30,0.8455970790932678,0,0,0
1780.0,29:40,0.931744323183243,0,0,0
1790.0,29:50,1.0051266623732455,0,0,0
1800.0,30:00,1.157208051984408,0,0,0
1810.0,30:10,1.1591731231489182,0,0,0
1820.0,30:20,1.0364962199110823,0,0,0
1830.0,30:30,0.8476853600807325,0,0,0
1840.0,30:40,0.743800533306357,1,0,1
1850.0,30:50,0.7978021625355803,1,0,1
1860.0,31:00,0.7595182232890185,1,1,0
1870.0,31:10,0.8071038614598748,1,1,0
1880.0,31:20,0.8747248690082254,0,0,0
1890.0,31:30,0.9956700805331132,0,0,0
1900.0,31:40,1.077121188633891,0,0,0
1910.0,31:50,1.1055584185494565,0,0,0
1920.0,32:00,1.0206757188613955,0,0,0
1930.0,32:10,0.8620004520862978,1,0,1
1940.0,32:20,0.8634309367888989,1,0,1
1950.0,32:30,0.750887207384205,1,0,1
1960.0,32:40,0.7521287050767489,1,0,1
1970.0,32:50,0.6053865594500359,0,0,0
1980.0,33:00,0.6400717430839035,0,0,0
1990.0,33:10,0.6141293903904882,0,0,0
2000.0,33:20,0.4934616876985352,0,0,0
2010.0,33:30,0.4942699127693245,0,0,0
2020.0,33:40,0.420477130069417,0,0,0
2030.0,33:50,0.5298504437821935,1,1,0
2040.0,34:00,0.6872056368280263,1,1,0
2050.0,34:10,0.865514453289791,0,0,0
2060.0,34:20,0.996614825058165,0,0,0
2070.0,34:30,0.9982282157277494,0,0,0
2080.0,34:40,0.9998410166232232,0,0,0
2090.0,34:50,0.898564176838993,0,0,0
2100.0,35:00,0.7351228013067349,0,0,0
2110.0,35:10,0.5573885455785558,0,0,0
2120.0,35:20,0.4204345035138956,0,0,0
2130.0,35:30,0.4901408971859192,0,0,0
2140.0,35:40,0.5324097188240827,0,0,0
2150.0,35:50,0.5124815087073779,0,0,0
2160.0,36:00,0.4300589289922038,0,0,0
2170.0,36:10,0.479373181069506,0,0,0
2180.0,36:20,0.5705916565378562,0,0,0
2190.0,36:30,0.5227069847252516,0,0,0
2200.0,36:40,0.5095700851406616,0,0,0
2210.0,36:50,0.5313457660749887,0,0,0
2220.0,37:00,0.5111726376976312,0,0,0
2230.0,37:10,0.4137865693551213,1,0,1
2240.0,37:20,0.4144332189140307,1,0,1
2250.0,37:30,0.4080442227971221,0,0,0
2260.0,37:40,0.4368638818099157,0,0,0
2270.0,37:50,0.501056297033206,0,0,0
2280.0,38:00,0.5089005331259651,0,0,0
2290.0,38:10,0.6583458396276504,0,0,0
2300.0,38:20,0.6806308286425782,0,0,0
2310.0,38:30,0.9799122793718014,0,0,0
2320.0,38:40,1.0809806519428902,0,0,0
2330.0,38:50,1.1182494382078263,0,0,0
2340.0,39:00,1.184159782115279,0,0,0
2350.0,39:10,1.064510977420145,0,0,0
2360.0,39:20,0.9802674216986202,1,1,0
2370.0,39:30,0.7022773618842748,1,1,0
2380.0,39:40,0.6243942523672686,0,0,0
2390.0,39:50,0.5822106809085265,0,0,0
2400.0,40:00,0.5326977040141792,0,0,0
2410.0,40:10,0.504660769982592,0,0,0
2420.0,40:20,0.5342986376562666,0,0,0
2430.0,40:30,0.5784843453334972,0,0,0
2440.0,40:40,0.4996874269879142,1,1,0
2450.0,40:50,0.4496630005504087,1,1,0
2460.0,41:00,0.4140138548935728,0,0,0
2470.0,41:10,0.4073530921689896,1,0,1
2480.0,41:20,0.6119326969290649,1,0,1
2490.0,41:30,0.7295652884512575,0,0,0
2500.0,41:40,0.8256211279519755,1,0,1
2510.0,41:50,0.8926861048859336,1,0,1
2520.0,42:00,0.9306312833693688,1,0,1
2530.0,42:10,1.012712995802426,1,0,1
2540.0,42:20,0.8598543889019998,1,0,1
2550.0,42:30,0.7212656655244664,1,0,1
2560.0,42:40,0.7739038177323153,0,0,0
2570.0,42:50,0.9447883641574024,1,0,1
2580.0,43:00,1.2639966353099583,1,0,1
2590.0,43:10,1.2584104913810623,1,1,1
2600.0,43:20,1.2528009405612988,1,1,1
2610.0,43:30,1.4698765614532574,1,1,1
2620.0,43:40,1.4868403037929767,1,1,1
2630.0,43:50,1.548512306595634,1,1,1
2640.0,44:00,1.4761546226872375,1,1,1
2650.0,44:10,1.7768766693393152,0,0,0
2660.0,44:20,1.771905963638703,0,0,0
2670.0,44:30,1.6770679602171157,0,0,0
2680.0,44:40,1.6044458207556782,0,0,0
2690.0,44:50,1.5766581211178483,0,0,0
2700.0,45:00,1.4811182341417062,1,0,1
2710.0,45:10,1.1820251743642356,1,0,1
2720.0,45:20,1.3419889784543848,0,0,0
2730.0,45:30,1.321195743670441,0,0,0
2740.0,45:40,1.2852171203025082,0,0,0
2750.0,45:50,1.0522989407378371,0,0,0
2760.0,46:00,0.9021241953888934,0,0,0
2770.0,46:10,0.8426275704670256,0,0,0
2780.0,46:20,0.6233301457828785,0,0,0
2790.0,46:30,0.5937296603743177,0,0,0
2800.0,46:40,0.8079567967488971,1,1,1
2810.0,46:50,0.9922292368371024,1,1,1
2820.0,47:00,1.1540649928119604,1,1,0
2830.0,47:10,1.1785742499329386,1,1,1
2840.0,47:20,1.187815759569927,1,1,1
2850.0,47:30,1.0589510248317846,1,1,1
2860.0,47:40,0.9451038791740284,0,0,0
2870.0,47:50,0.9694398388819458,0,0,0
2880.0,48:00,0.9167932277939668,0,0,0
2890.0,48:10,1.0414311189305274,0,0,0
2900.0,48:20,1.058249134343041,0,0,0
2910.0,48:30,1.1215125842593163,0,0,0
2920.0,48:40,1.1307224532535496,0,0,0
2930.0,48:50,0.9693450536807178,0,0,0
2940.0,49:00,0.9628386278726851,0,0,0
2950.0,49:10,0.894110717316956,0,0,0
2960.0,49:20,0.9731130908440522,0,0,0
2970.0,49:30,1.0289286793737598,0,0,0
2980.0,49:40,1.7873230520032686,0,0,0
2990.0,49:50,2.0631268170968475,0,0,0
3000.0,50:00,2.0266295479691685,0,0,0
3010.0,50:10,1.950853892007142,0,0,0
3020.0,50:20,1.8356514602348128,0,0,0
3030.0,50:30,1.8222564474466032,0,0,0
3040.0,50:40,0.8965441407664443,0,0,0
3050.0,50:50,1.0551521916184623,0,0,0
3060.0,51:00,1.568935277854464,0,0,0
3070.0,51:10,2.0129451302209493,1,1,0
3080.0,51:20,2.450142878112797,1,1,0
3090.0,51:30,2.500650008414385,1,1,0
3100.0,51:40,2.693884724353093,1,1,0
3110.0,51:50,2.308476648154886,0,0,0
3120.0,52:00,1.7553160259787115,0,0,0
3130.0,52:10,1.3598400879549477,0,0,0
3140.0,52:20,0.9395081600737278,0,0,0
3150.0,52:30,0.8370141474605183,0,0,0
3160.0,52:40,0.7262864963224537,0,0,0
3170.0,52:50,0.6472511004163108,0,0,0
3180.0,53:00,0.6400252196738749,0,0,0
3190.0,53:10,0.7128769058873914,1,0,1
3200.0,53:20,0.7939173370197619,1,0,1
3210.0,53:30,0.9072609053525308,1,0,1
3220.0,53:40,1.1012504276385908,0,0,0
3230.0,53:50,1.1588784520353597,0,0,0
3240.0,54:00,1.256920955758084,0,0,0
3250.0,54:10,1.3632519989460172,0,0,0
3260.0,54:20,1.4052152376789515,0,0,0
3270.0,54:30,1.277476569319384,0,0,0
3280.0,54:40,1.0361107209438989,0,0,0
3290.0,54:50,0.9643653217333416,0,0,0
3300.0,55:00,0.9898080028383272,0,0,0
3310.0,55:10,0.7635079586431178,0,0,0
3320.0,55:20,0.6586631899796072,0,0,0
3330.0,55:30,0.6105628402190626,0,0,0
3340.0,55:40,0.6112504178299972,0,0,0
3350.0,55:50,0.7506415477562762,0,0,0
3360.0,56:00,1.0782106849257598,0,0,0
3370.0,56:10,1.193893380935538,0,0,0
3380.0,56:20,1.219775771176931,0,0,0
3390.0,56:30,1.2948811856346538,0,0,0
3400.0,56:40,1.3783492246993914,0,0,0
3410.0,56:50,1.3962851050352652,0,0,0
3420.0,57:00,1.00313240340028,0,0,0
3430.0,57:10,0.987758924720271,0,0,0
3440.0,57:20,0.9805867158120102,0,0,0
3450.0,57:30,0.8991515705432067,0,0,0
3460.0,57:40,0.8423100468918528,0,0,0
3470.0,57:50,0.6365403905194225,0,0,0
3480.0,58:00,0.5875638273723259,0,0,0
3490.0,58:10,0.4639211984360273,0,0,0
3500.0,58:20,0.4229449844861608,0,0,0
3510.0,58:30,0.4981045257719783,0,0,0
3520.0,58:40,0.4820041576846393,0,0,0
3530.0,58:50,0.5157818441066977,0,0,0
3540.0,59:00,0.5079883830119271,0,0,0
3550.0,59:10,0.5501935283786397,1,1,0
3560.0,59:20,0.5591031652241552,1,1,0
3570.0,59:30,0.4677876893957213,1,1,0
3580.0,59:40,0.4013688063711868,0,0,0
3590.0,59:50,0.3682940280033258,1,1,1
3600.0,1:00:00,0.3351503000483679,1,1,1
3610.0,1:00:10,0.2683893129793773,1,1,1
3620.0,1:00:20,0.3442173145044412,1,0,1
3630.0,1:00:30,0.6386957941676147,0,0,0
3640.0,1:00:40,0.7991598738882224,0,0,0
3650.0,1:00:50,0.9262545181069374,0,0,0
3660.0,1:01:00,1.0114501370800346,1,1,0
3670.0,1:01:10,1.1558656602100266,1,1,0
3680.0,1:01:20,1.106317127533808,1,1,0
3690.0,1:01:30,0.8368797560357351,0,0,0
3700.0,1:01:40,0.8799919801634758,0,0,0
3710.0,1:01:50,0.9824689838213014,0,0,0
3720.0,1:02:00,1.0681810397523706,0,0,0
3730.0,1:02:10,1.1031361235762691,0,0,0
3740.0,1:02:20,1.1806195229883374,0,0,0
3750.0,1:02:30,1.2412389423940324,0,0,0
3760.0,1:02:40,1.1573022307823082,0,0,0
3770.0,1:02:50,1.0220977678546457,0,0,0
3780.0,1:03:00,1.0315679516055478,0,0,0
3790.0,1:03:10,1.160514630101469,0,0,0
3800.0,1:03:20,1.3921836155392433,0,0,0
3810.0,1:03:30,1.513133836581342,1,0,1
3820.0,1:03:40,1.5915128242259584,1,0,1
3830.0,1:03:50,1.7385385096439785,1,0,1
3840.0,1:04:00,1.7315246604533832,0,0,0
3850.0,1:04:10,1.7073296289288518,1,1,0
3860.0,1:04:20,1.4426418425696164,1,1,0
3870.0,1:04:30,1.38375120530868,0,0,0
3880.0,1:04:40,1.3591583790087018,0,0,0
3890.0,1:04:50,1.1967586433835045,0,0,0
3900.0,1:05:00,1.0340695717413466,1,0,1
3910.0,1:05:10,0.8452190468694111,1,0,1
3920.0,1:05:20,0.8718408325101271,0,0,0
3930.0,1:05:30,0.751632689825907,0,0,0
3940.0,1:05:40,0.6658028525425325,0,0,0
3950.0,1:05:50,0.5971321819405377,0,0,0
3960.0,1:06:00,0.5803107171168292,0,0,0
3970.0,1:06:10,0.5547893346820705,1,1,0
3980.0,1:06:20,0.5639255425938228,1,1,0
3990.0,1:06:30,0.6512202406503149,1,1,0
4000.0,1:06:40,0.6256843293373925,1,1,0
4010.0,1:06:50,0.7044690063741795,0,0,0
4020.0,1:07:00,0.748561261917622,0,0,0
4030.0,1:07:10,0.8188544446857583,0,0,0
4040.0,1:07:20,0.6625830818625407,0,0,0
4050.0,1:07:30,0.6020348984941062,0,0,0
4060.0,1:07:40,0.6112436694098594,0,0,0
4070.0,1:07:50,0.5505522894038409,0,0,0
4080.0,1:08:00,0.5159999447239081,0,0,0
4090.0,1:08:10,0.3851127259485693,0,0,0
4100.0,1:08:20,0.411688305979125,1,1,0
4110.0,1:08:30,0.5171971145324687,1,1,0
4120.0,1:08:40,0.5790010538151331,0,0,0
4130.0,1:08:50,0.5794401961038862,0,0,0
4140.0,1:09:00,0.6589510276261894,0,0,0
4150.0,1:09:10,0.7122000746098766,1,1,0
4160.0,1:09:20,0.7743239899041402,1,1,0
4170.0,1:09:30,0.8717585392554523,0,0,0
4180.0,1:09:40,0.7666535790026404,0,0,0
4190.0,1:09:50,0.7760316109097917,0,0,0
4200.0,1:10:00,0.8913183851371507,0,0,0
4210.0,1:10:10,0.962610657009588,1,1,0
4220.0,1:10:20,0.9102736978767866,1,1,1
4230.0,1:10:30,0.6456039170519715,1,1,1
4240.0,1:10:40,0.708010561220337,1,1,0
4250.0,1:10:50,0.7350759587026819,1,1,0
4260.0,1:11:00,0.5760627404047609,1,1,0
4270.0,1:11:10,0.4523002560033093,1,0,1
4280.0,1:11:20,0.4526108773213033,1,0,1
4290.0,1:11:30,0.5328465275120964,1,0,1
4300.0,1:11:40,0.5954148972411375,0,0,0
4310.0,1:11:50,0.5246731445902955,0,0,0
4320.0,1:12:00,0.5339221400681445,1,1,0
4330.0,1:12:10,0.7034634750144595,1,1,0
4340.0,1:12:20,0.7484787182681759,0,0,0
4350.0,1:12:30,0.7222188587134177,1,1,0
4360.0,1:12:40,0.6691548524819735,1,1,0
4370.0,1:12:50,0.9195642589968948,0,0,0
4380.0,1:13:00,1.0094869752602844,0,0,0
4390.0,1:13:10,0.9743704866841324,0,0,0
4400.0,1:13:20,1.0107630142551631,0,0,0
4410.0,1:13:30,0.9845432261651524,0,0,0
4420.0,1:13:40,1.0478451319580249,0,0,0
4430.0,1:13:50,0.8154919838729295,0,0,0
4440.0,1:14:00,0.6725190091613962,1,1,1
4450.0,1:14:10,0.5383410291915528,1,1,1
4460.0,1:14:20,0.5027535186586041,0,0,0
4470.0,1:14:30,0.6916981469082131,0,0,0
4480.0,1:14:40,0.844910038557134,0,0,0
4490.0,1:14:50,1.1242096116642326,0,0,0
4500.0,1:15:00,1.2598473222848328,0,0,0
4510.0,1:15:10,1.2965907263047851,0,0,0
4520.0,1:15:20,1.756804784228184,0,0,0
4530.0,1:15:30,1.820902438306509,0,0,0
4540.0,1:15:40,1.7046745047187668,0,0,0
4550.0,1:15:50,1.525136309995614,0,0,0
4560.0,1:16:00,1.3995676342864554,0,0,0
4570.0,1:16:10,1.4726107829416557,1,0,1
4580.0,1:16:20,1.0485628925798247,1,0,1
4590.0,1:16:30,0.8772882209561681,0,0,0
4600.0,1:16:40,0.8325118167738081,0,0,0
4610.0,1:16:50,0.8238989221575471,1,0,1
4620.0,1:17:00,1.2772607517708578,1,0,1
4630.0,1:17:10,1.3776214777882565,0,0,0
4640.0,1:17:20,1.32392379290801,0,0,0
4650.0,1:17:30,1.2883096006142838,0,0,0
4660.0,1:17:40,1.2344983938383904,0,0,0
4670.0,1:17:50,1.4621609296345233,0,0,0
4680.0,1:18:00,1.1993856977708253,0,0,0
4690.0,1:18:10,1.0727055720266925,0,0,0
4700.0,1:18:20,1.1823700950169065,1,0,1
4710.0,1:18:30,1.1101442984054877,1,1,1
4720.0,1:18:40,1.0196358723883308,1,1,0
4730.0,1:18:50,0.7013313550760913,0,0,0
4740.0,1:19:00,0.5831978561450669,0,0,0
4750.0,1:19:10,0.7566855150511894,0,0,0
4760.0,1:19:20,0.7205494209314365,0,0,0
4770.0,1:19:30,0.7847520522312833,0,0,0
4780.0,1:19:40,0.9220419568431142,0,0,0
4790.0,1:19:50,0.9315855836077362,1,1,1
4800.0,1:20:00,0.8954470679564799,1,1,1
4810.0,1:20:10,0.6764485942906953,0,0,0
4820.0,1:20:20,0.5395631836578139,0,0,0
4830.0,1:20:30,0.5214952472340422,0,0,0
4840.0,1:20:40,0.3935746727812841,0,0,0
4850.0,1:20:50,0.4761493631708934,0,0,0
4860.0,1:21:00,0.5313088192677292,0,0,0
4870.0,1:21:10,0.7331387555837049,0,0,0
4880.0,1:21:20,0.8251138080012564,0,0,0
4890.0,1:21:30,0.8162712559752765,0,0,0
4900.0,1:21:40,0.8257682051689892,0,0,0
4910.0,1:21:50,0.771017234438951,0,0,0
4920.0,1:22:00,0.8080432895378961,0,0,0
4930.0,1:22:10,0.9002086748809092,0,0,0
4940.0,1:22:20,1.084332053754164,0,0,0
4950.0,1:22:30,1.2226245482444218,1,0,1
4960.0,1:22:40,1.3242291927347916,1,0,1
4970.0,1:22:50,1.3339080051442047,1,0,1
4980.0,1:23:00,1.518437952981581,1,0,1
4990.0,1:23:10,1.2243849917127028,1,0,1
5000.0,1:23:20,0.9669564829958428,0,0,0
5010.0,1:23:30,0.7830434411339624,0,0,0
5020.0,1:23:40,0.681939707678223,0,0,0
5030.0,1:23:50,0.6268570757161062,0,0,0
5040.0,1:24:00,0.38730428735476,0,0,0
5050.0,1:24:10,0.4704512443714307,0,0,0
5060.0,1:24:20,0.5259673336828203,0,0,0
5070.0,1:24:30,0.6830510287444126,1,0,1
5080.0,1:24:40,0.757130673793322,1,0,1
5090.0,1:24:50,0.9051419044423196,0,0,0
5100.0,1:25:00,0.9978057659473578,0,0,0
5110.0,1:25:10,1.2014212743466777,0,0,0
5120.0,1:25:20,1.3496855254653886,1,1,1
5130.0,1:25:30,1.5627599330211206,1,1,1
5140.0,1:25:40,2.2661859332800662,0,0,0
5150.0,1:25:50,2.3778504446408597,0,0,0
5160.0,1:26:00,2.276703874380215,0,0,0
5170.0,1:26:10,2.092174851860763,0,0,0
5180.0,1:26:20,1.9075368344639851,0,0,0
5190.0,1:26:30,1.5838573910139258,0,0,0
5200.0,1:26:40,0.8338248017357341,0,0,0
5210.0,1:26:50,0.7135648419012983,0,0,0
5220.0,1:27:00,0.7415513208951863,0,0,0
5230.0,1:27:10,0.6026583540883825,0,0,0
5240.0,1:27:20,0.5286124330426364,0,0,0
5250.0,1:27:30,0.52873756306291,0,0,0
5260.0,1:27:40,0.5474169163685785,0,0,0
5270.0,1:27:50,0.5197006105315236,0,0,0
5280.0,1:28:00,0.5383817125296844,1,1,1
5290.0,1:28:10,0.817034124675537,1,1,1
5300.0,1:28:20,1.0400851107713978,0,0,0
5310.0,1:28:30,1.2353611780537297,0,0,0
5320.0,1:28:40,1.2541966911665412,0,0,0
5330.0,1:28:50,1.1243588748065405,0,0,0
5340.0,1:29:00,0.975876163390817,0,0,0
5350.0,1:29:10,0.6878933213379839,0,0,0
5360.0,1:29:20,0.4834758835546259,0,0,0
5370.0,1:29:30,0.2417826088530832,1,0,1
5380.0,1:29:40,0.15811716395574,1,0,1
5390.0,1:29:50,0.2604741666217929,0,0,0
5400.0,1:30:00,0.3442572004102708,0,0,0
5410.0,1:30:10,0.4932078908134957,0,0,0
5420.0,1:30:20,0.5491325096747153,0,0,0
5430.0,1:30:30,0.5678375904476376,0,0,0
5440.0,1:30:40,0.6982692136358828,0,0,0
5450.0,1:30:50,0.6425045681918748,0,0,0
5460.0,1:31:00,0.5774075936922382,0,0,0
5470.0,1:31:10,0.6333759453542798,0,0,0
5480.0,1:31:20,0.9129326980040292,0,0,0
5490.0,1:31:30,1.1087097538932176,0,0,0
5500.0,1:31:40,1.1461261703594303,1,1,1
5510.0,1:31:50,1.3512942399986947,1,1,1
5520.0,1:32:00,1.4167013753002111,1,0,1
5530.0,1:32:10,1.2584022991621264,1,0,1
5540.0,1:32:20,0.9881908170449102,0,0,0
5550.0,1:32:30,1.08153446302246,0,0,0
5560.0,1:32:40,1.0723235751135642,0,0,0
5570.0,1:32:50,0.8765964891659427,0,0,0
5580.0,1:33:00,0.8953342321465939,0,0,0
5590.0,1:33:10,0.9233991325105364,0,0,0
5600.0,1:33:20,0.9887777293325856,0,0,0
5610.0,1:33:30,0.7836260709996965,0,0,0
5620.0,1:33:40,0.7183818243135693,0,0,0
5630.0,1:33:50,0.9423652210369226,0,0,0
5640.0,1:34:00,0.9517646321980195,0,0,0
5650.0,1:34:10,1.2317798349057167,0,0,0
5660.0,1:34:20,1.1945302579388524,0,0,0
5670.0,1:34:30,1.1199399079367662,0,0,0
5680.0,1:34:40,1.0546697119299129,0,0,0
5690.0,1:34:50,0.812045026472761,0,0,0
5700.0,1:35:00,0.7467443556748852,0,0,0
5710.0,1:35:10,0.6907693595355751,0,0,0
5720.0,1:35:20,0.6721272617717856,0,0,0
5730.0,1:35:30,0.644145628312653,0,0,0
5740.0,1:35:40,0.5974880166970409,0,0,0
5750.0,1:35:50,0.6348493647520052,0,0,0
5760.0,1:36:00,0.9429615945596196,0,0,0
5770.0,1:36:10,0.7282431298336909,0,0,0
5780.0,1:36:20,0.8216217750885567,0,0,0
5790.0,1:36:30,1.1857654217349194,1,1,0
5800.0,1:36:40,1.288481719292193,1,1,0
5810.0,1:36:50,1.2698152076265268,0,0,0
5820.0,1:37:00,0.9523630989279456,0,0,0
5830.0,1:37:10,0.8870030257221866,0,0,0
5840.0,1:37:20,0.793629624694839,0,0,0
5850.0,1:37:30,0.5788771798670056,0,0,0
5860.0,1:37:40,0.6442255959414577,0,0,0
5870.0,1:37:50,0.6722237963366551,0,0,0
5880.0,1:38:00,0.7095546307633481,0,0,0
5890.0,1:38:10,0.7282090548678022,0,0,0
5900.0,1:38:20,0.6721737746571143,0,0,0
5910.0,1:38:30,0.55079127203599,0,0,0
5920.0,1:38:40,0.5694416421970775,0,0,0
5930.0,1:38:50,0.7747832356726476,0,0,0
5940.0,1:39:00,0.8774272147098527,0,0,0
5950.0,1:39:10,0.9333891876290288,0,0,0
5960.0,1:39:20,0.9893422344229328,0,0,0
5970.0,1:39:30,1.1666135591026012,0,0,0
5980.0,1:39:40,1.1198838588615712,0,0,0
5990.0,1:39:50,1.045160308981204,0,0,0
6000.0,1:40:00,0.8957930433799719,0,0,0
6010.0,1:40:10,0.8864006152847508,0,0,0
6020.0,1:40:20,1.1569019407623564,0,0,0
6030.0,1:40:30,1.0448639440485283,0,0,0
6040.0,1:40:40,1.0167952620697012,0,0,0
6050.0,1:40:50,0.830158011394902,0,0,0
6060.0,1:41:00,0.8114321301670231,0,0,0
6070.0,1:41:10,0.7647288006945884,0,0,0
6080.0,1:41:20,0.4662541448114103,0,0,0
6090.0,1:41:30,0.4755327695002995,0,0,0
6100.0,1:41:40,0.5034543265603487,0,0,0
6110.0,1:41:50,0.5127238585735078,0,0,0
6120.0,1:42:00,0.5313108616448526,0,0,0
6130.0,1:42:10,0.7456161624616653,0,0,0
6140.0,1:42:20,0.7268920331221769,0,0,0
6150.0,1:42:30,0.6708976637742987,0,0,0
6160.0,1:42:40,0.5310624786397831,0,0,0
6170.0,1:42:50,0.5030486748917462,1,0,1
6180.0,1:43:00,0.4750402684908246,1,0,1
6190.0,1:43:10,0.2514586225548291,0,0,0
6200.0,1:43:20,0.5028489759880216,0,0,0
6210.0,1:43:30,0.5772647929508969,0,0,0
6220.0,1:43:40,0.6144201111929509,0,0,0
6230.0,1:43:50,0.6608706748478151,0,0,0
6240.0,1:44:00,0.6700787096604428,0,0,0
6250.0,1:44:10,0.6420607987741512,0,0,0
6260.0,1:44:20,0.3814549173216591,0,0,0
6270.0,1:44:30,0.2697666242023824,0,0,0
6280.0,1:44:40,0.3813322195934974,0,0,0
6290.0,1:44:50,0.5393561505498704,0,0,0
6300.0,1:45:00,0.6787300495668238,0,0,0
6310.0,1:45:10,0.8273502110108647,0,0,0
6320.0,1:45:20,0.9108548977351332,0,0,0
6330.0,1:45:30,1.059376450440439,0,0,0
6340.0,1:45:40,1.3007518114329797,0,0,0
6350.0,1:45:50,1.2447746855380135,0,0,0
6360.0,1:46:00,1.207389675441108,0,0,0
6370.0,1:46:10,1.485733310627546,0,0,0
6380.0,1:46:20,1.70826048413291,1,1,0
6390.0,1:46:30,1.7450510733023965,1,1,0
6400.0,1:46:40,1.7447001405987403,0,0,0
6410.0,1:46:50,1.809292780733712,0,0,0
6420.0,1:47:00,1.8089176084327667,0,0,0
6430.0,1:47:10,1.5303004451126925,0,0,0
6440.0,1:47:20,1.344522279129105,0,0,0
6450.0,1:47:30,1.3349604332016172,0,0,0
6460.0,1:47:40,1.140028163569074,0,0,0
6470.0,1:47:50,1.028576710786051,0,0,0
6480.0,1:48:00,1.0561375301035465,0,0,0
6490.0,1:48:10,1.0558958307719306,0,0,0
6500.0,1:48:20,1.0556509992174172,0,0,0
6510.0,1:48:30,0.9350500717985438,0,0,0
6520.0,1:48:40,0.7774804233067966,0,0,0
6530.0,1:48:50,0.8883350487104201,0,0,0
6540.0,1:49:00,0.9898820315983669,1,1,0
6550.0,1:49:10,1.109874121669004,1,1,0
6560.0,1:49:20,1.14658354013537,0,0,0
6570.0,1:49:30,1.497577474404981,0,0,0
6580.0,1:49:40,1.5064367073233178,0,0,0
6590.0,1:49:50,1.3951727099636764,0,0,0
6600.0,1:50:00,1.1361681808810695,1,0,1
6610.0,1:50:10,0.9511740037589812,1,0,1
6620.0,1:50:20,0.8216687070690107,0,0,0
6630.0,1:50:30,0.4891762527792083,1,1,0
6640.0,1:50:40,0.6366783919980841,1,1,0
6650.0,1:50:50,0.608828891103714,0,0,0
6660.0,1:51:00,0.7008805157024914,0,0,0
6670.0,1:51:10,0.6453663199812915,0,0,0
6680.0,1:51:20,0.6543999522473012,0,0,0
6690.0,1:51:30,0.6081410167166347,1,1,0
6700.0,1:51:40,0.5250606459501309,1,1,0
6710.0,1:51:50,0.5249071992149913,0,0,0
6720.0,1:52:00,0.690463637161625,0,0,0
6730.0,1:52:10,1.1228198281846602,0,0,0
6740.0,1:52:20,1.3985028330530078,0,0,0
6750.0,1:52:30,1.5636409478893136,0,0,0
6760.0,1:52:40,1.7470643536220305,0,0,0
6770.0,1:52:50,1.8568323845341312,0,0,0
6780.0,1:53:00,1.727603443610234,0,0,0
6790.0,1:53:10,1.3412285861300788,0,0,0
6800.0,1:53:20,1.056112977668889,0,0,0
6810.0,1:53:30,1.1200407638168703,0,0,0
6820.0,1:53:40,1.367478786270622,0,0,0
6830.0,1:53:50,1.4129092183868968,0,0,0
6840.0,1:54:00,1.6692562743916246,1,0,1
6850.0,1:54:10,1.7145502437427116,1,0,1
6860.0,1:54:20,1.7414783750208158,0,0,0
6870.0,1:54:30,1.5209934670664271,0,0,0
6880.0,1:54:40,1.0258667769369356,0,0,0
6890.0,1:54:50,0.9156416443051631,0,0,0
6900.0,1:55:00,1.0800877880363322,0,0,0
6910.0,1:55:10,1.2169679054965707,0,0,0
6920.0,1:55:20,1.3263094107660185,0,0,0
6930.0,1:55:30,1.408140112083501,0,0,0
6940.0,1:55:40,1.462488207495498,0,0,0
6950.0,1:55:50,1.42542107827489,0,0,0
6960.0,1:56:00,1.01388033021548,0,0,0
6970.0,1:56:10,0.8217700844125392,0,0,0
6980.0,1:56:20,0.6936884655139969,0,0,0
6990.0,1:56:30,0.6386912318442289,0,0,0
7000.0,1:56:40,0.6384574557948033,0,0,0
7010.0,1:56:50,0.5926349637391749,0,0,0
7020.0,1:57:00,0.5195026255624571,0,0,0
7030.0,1:57:10,0.4464233910771122,1,0,1
7040.0,1:57:20,0.5555429835967898,1,0,1
7050.0,1:57:30,0.7465134877700862,0,0,0
7060.0,1:57:40,0.910036458120082,1,0,1
7070.0,1:57:50,1.082529535073285,1,0,1
7080.0,1:58:00,1.3549151055741258,0,0,0
7090.0,1:58:10,1.8361545658113532,0,0,0
7100.0,1:58:20,2.289757515455089,0,0,0
7110.0,1:58:30,2.361524331621058,0,0,0
7120.0,1:58:40,2.278882679721081,0,0,0
7130.0,1:58:50,2.1146202541820776,0,0,0
7140.0,1:59:00,1.8506909926147015,0,0,0
7150.0,1:59:10,1.54162592437237,0,0,0
7160.0,1:59:20,1.051510178034363,0,0,0
7170.0,1:59:30,0.7792528958137214,0,0,0
7180.0,1:59:40,0.6883623804579998,0,0,0
7190.0,1:59:50,0.6790276300482853,0,0,0
7200.0,2:00:00,0.6787489724985387,0,0,0
7210.0,2:00:10,0.6060989900943341,0,0,0
7220.0,2:00:20,0.7234002981590006,0,0,0
7230.0,2:00:30,0.7411764235651298,0,0,0
7240.0,2:00:40,0.7679710188462894,0,0,0
7250.0,2:00:50,0.731523371891086,0,0,0
7260.0,2:01:00,0.7221868595212564,0,0,0
7270.0,2:01:10,0.6857861761944529,0,0,0
7280.0,2:01:20,0.5051005458126866,0,0,0
7290.0,2:01:30,0.6491366453936694,0,0,0
7300.0,2:01:40,1.189571443197438,0,0,0
7310.0,2:01:50,1.5133451991844598,0,0,0
7320.0,2:02:00,1.7648023609029646,0,0,0
7330.0,2:02:10,1.9800362193332872,0,0,0
7340.0,2:02:20,2.087123073399814,1,1,0
7350.0,2:02:30,2.086204401187444,1,1,0
7360.0,2:02:40,1.644856226558571,0,0,0
7370.0,2:02:50,1.5722516961807689,1,0,1
7380.0,2:03:00,1.463787357432575,1,1,1
7390.0,2:03:10,1.5349423271565574,1,1,0
7400.0,2:03:20,1.5611691846727491,0,0,0
7410.0,2:03:30,1.4349100797468528,0,0,0
7420.0,2:03:40,1.5328653702253798,0,0,0
7430.0,2:03:50,1.4604877836737766,0,0,0
7440.0,2:04:00,1.4508649494081138,0,0,0
7450.0,2:04:10,1.306970287661391,1,0,1
7460.0,2:04:20,1.243734791437896,1,0,1
7470.0,2:04:30,1.2163295587033818,0,0,0
7480.0,2:04:40,0.9475820788111844,0,0,0
7490.0,2:04:50,0.813111761376558,1,1,0
7500.0,2:05:00,0.7144897083775565,1,1,0
7510.0,2:05:10,0.544543067369542,1,1,0
7520.0,2:05:20,0.4372141004829647,0,0,0
7530.0,2:05:30,0.4459262565922771,0,0,0
7540.0,2:05:40,0.5616009521430563,0,0,0
7550.0,2:05:50,0.534603838011628,0,0,0
7560.0,2:06:00,0.4631023635667409,0,0,0
7570.0,2:06:10,0.5429947399094293,0,0,0
7580.0,2:06:20,0.6406041159862653,0,0,0
7590.0,2:06:30,0.6136165614303034,0,0,0
7600.0,2:06:40,0.4533234966261672,0,0,0
7610.0,2:06:50,0.4353349447142787,0,0,0
7620.0,2:07:00,0.523923871596664,1,0,1
7630.0,2:07:10,0.4881653218792895,1,0,1
7640.0,2:07:20,0.3903411280257041,1,0,1
7650.0,2:07:30,0.3724154362642015,1,0,1
7660.0,2:07:40,0.4431334013453003,1,0,1
7670.0,2:07:50,0.5757889081663787,1,0,1
7680.0,2:08:00,0.5400880788191775,0,0,0
7690.0,2:08:10,0.5398197602974537,0,0,0
7700.0,2:08:20,0.5660860820573078,0,0,0
7710.0,2:08:30,0.671891327071153,0,0,0
7720.0,2:08:40,0.7245721202425509,0,0,0
7730.0,2:08:50,0.697712610730572,0,0,0
7740.0,2:09:00,0.6532242682184898,0,0,0
7750.0,2:09:10,0.8293521138017503,1,1,0
7760.0,2:09:20,1.1111215351932855,1,1,0
7770.0,2:09:30,1.0753013227092914,0,0,0
7780.0,2:09:40,1.0395158212105708,0,0,0
7790.0,2:09:50,0.977350287059535,0,0,0
7800.0,2:10:00,0.9944508140861276,0,0,0
7810.0,2:10:10,0.958756660114528,1,0,1
7820.0,2:10:20,0.7033125284264464,1,0,1
7830.0,2:10:30,0.6678022445632323,1,0,1
7840.0,2:10:40,0.6411099358123035,0,0,0
7850.0,2:10:50,0.640777609804652,0,0,0
7860.0,2:11:00,0.6492178752442652,0,0,0
7870.0,2:11:10,0.473506839323425,0,0,0
7880.0,2:11:20,0.4382033763775399,0,0,0
7890.0,2:11:30,0.5343283848242693,0,0,0
7900.0,2:11:40,0.5428030478370934,0,0,0
7910.0,2:11:50,0.490016021597134,0,0,0
7920.0,2:12:00,0.5947060044173134,0,0,0
7930.0,2:12:10,0.6643205065760748,0,0,0
7940.0,2:12:20,0.6989147604797622,0,0,0
7950.0,2:12:30,0.5588353461459737,0,0,0
7960.0,2:12:40,0.541084090526275,0,0,0
7970.0,2:12:50,0.7152463142189255,0,0,0
7980.0,2:13:00,0.6189682185740887,0,0,0
7990.0,2:13:10,0.5924977012634297,0,0,0
8000.0,2:13:20,0.9927728661359156,0,0,0
8010.0,2:13:30,1.366505961154003,0,0,0
8020.0,2:13:40,1.6093480674077405,0,0,0
8030.0,2:13:50,1.5128415008509866,0,0,0
8040.0,2:14:00,1.5554737824304838,1,0,1
8050.0,2:14:10,1.5285771967892652,1,0,1
8060.0,2:14:20,1.093729344942418,0,0,0
8070.0,2:14:30,0.6940543628934909,0,0,0
8080.0,2:14:40,0.5115867316874224,0,0,0
8090.0,2:14:50,0.5893041701119675,0,0,0
8100.0,2:15:00,0.5976440779895237,0,0,0
8110.0,2:15:10,0.6059741388106432,1,0,1
8120.0,2:15:20,0.6835106081845995,1,0,1
8130.0,2:15:30,0.7090775586793922,0,0,0
8140.0,2:15:40,0.6049775468213721,0,0,0
8150.0,2:15:50,0.4750779206159507,0,0,0
8160.0,2:16:00,0.4834490857750376,0,0,0
8170.0,2:16:10,0.491810451644504,0,0,0
8180.0,2:16:20,0.4570445954609093,0,0,0
8190.0,2:16:30,0.5085037535494462,0,0,0
8200.0,2:16:40,0.5254496025716444,1,1,0
8210.0,2:16:50,0.6112492037818464,1,1,0
8220.0,2:17:00,0.7485789033019332,1,1,0
8230.0,2:17:10,0.7911597505886658,0,0,0
8240.0,2:17:20,0.7391498513111507,0,0,0
8250.0,2:17:30,0.7988667393372858,0,0,0
8260.0,2:17:40,0.7898347470237492,0,0,0
8270.0,2:17:50,0.6606870951568193,0,0,0
8280.0,2:18:00,0.4202014512439861,1,1,0
8290.0,2:18:10,0.2999753473403831,1,1,1
8300.0,2:18:20,0.3597680166163015,1,1,1
8310.0,2:18:30,0.2739546486857487,0,0,0
8320.0,2:18:40,0.5732692295668826,0,0,0
8330.0,2:18:50,0.6755628453590302,0,0,0
8340.0,2:19:00,0.6751811369735197,0,0,0
8350.0,2:19:10,0.7089662466325929,0,0,0
8360.0,2:19:20,0.7085647366637416,0,0,0
8370.0,2:19:30,0.7166950867661074,0,0,0
8380.0,2:19:40,0.4178348381976249,0,0,0
8390.0,2:19:50,0.357940645874035,0,0,0
8400.0,2:20:00,0.4599476283224727,0,0,0
8410.0,2:20:10,0.4852238273449865,0,0,0
8420.0,2:20:20,0.4509158693031105,0,0,0
8430.0,2:20:30,0.4251496185100092,0,0,0
8440.0,2:20:40,0.5013900337587365,0,0,0
8450.0,2:20:50,0.5180899627056794,0,0,0
8460.0,2:21:00,0.4498861649136138,0,0,0
8470.0,2:21:10,0.4581120591977607,0,0,0
8480.0,2:21:20,0.4493707562680319,0,0,0
8490.0,2:21:30,0.4406391024472044,0,0,0
8500.0,2:21:40,0.4657929587754169,0,0,0
8510.0,2:21:50,0.4655252576563253,0,0,0
8520.0,2:22:00,0.4398798098244527,0,0,0
8530.0,2:22:10,0.6171681003617125,0,0,0
8540.0,2:22:20,0.7689033144994388,0,0,0
8550.0,2:22:30,0.8022384733310037,0,0,0
8560.0,2:22:40,0.7426974054937849,1,0,1
8570.0,2:22:50,0.733833713923101,1,1,1
8580.0,2:23:00,0.7334097125941705,1,1,1
8590.0,2:23:10,0.5223576014419333,0,0,0
8600.0,2:23:20,0.4462731488736324,0,0,0
8610.0,2:23:30,0.4207686627479739,0,0,0
8620.0,2:23:40,0.395293414780571,0,0,0
8630.0,2:23:50,0.3446305422224869,0,0,0
8640.0,2:24:00,0.3444306569585174,0,0,0
8650.0,2:24:10,0.4030018813670459,0,0,0
8660.0,2:24:20,0.3188579037332537,0,0,0
8670.0,2:24:30,0.3186726602104456,0,0,0
8680.0,2:24:40,0.2765811883328868,0,0,0
8690.0,2:24:50,0.4439478241342764,0,0,0
8700.0,2:25:00,0.669720036374289,0,0,0
8710.0,2:25:10,0.6693301971820581,0,0,0
8720.0,2:25:20,0.8445372712009841,0,0,0
8730.0,2:25:30,0.9443278503042744,0,0,0
8740.0,2:25:40,0.968833504013408,0,0,0
8750.0,2:25:50,0.8430614685438996,1,1,0
8760.0,2:26:00,0.5923014952567911,1,1,0
8770.0,2:26:10,0.6586551560009948,0,0,0
8780.0,2:26:20,0.683268338307547,0,0,0
8790.0,2:26:30,0.5995926494902981,0,0,0
8800.0,2:26:40,0.6242109040144093,0,0,0
8810.0,2:26:50,0.665435991663781,0,0,0
8820.0,2:27:00,0.9476921802038912,0,0,0
8830.0,2:27:10,0.922213569038136,0,0,0
8840.0,2:27:20,0.7223934628184883,0,0,0
8850.0,2:27:30,0.7468665963440116,0,0,0
8860.0,2:27:40,0.8459537524706383,0,0,0
8870.0,2:27:50,0.9283470255350594,0,0,0
8880.0,2:28:00,0.8201123652056075,0,0,0
8890.0,2:28:10,0.7616786714258293,0,0,0
8900.0,2:28:20,0.744684384354787,0,0,0
8910.0,2:28:30,0.702901396812097,0,0,0
8920.0,2:28:40,0.6281086771509931,0,0,0
8930.0,2:28:50,0.5451434998165839,0,0,0
8940.0,2:29:00,0.4210006496430086,0,0,0
8950.0,2:29:10,0.3960039380655171,0,0,0
8960.0,2:29:20,0.4040173533940858,0,0,0
8970.0,2:29:30,0.4367425239438294,0,0,0
8980.0,2:29:40,0.4035444358999939,0,0,0
8990.0,2:29:50,0.3456927367782662,1,0,1
9000.0,2:30:00,0.2879086420810915,1,1,1
9010.0,2:30:10,0.3452881352264959,1,1,0
9020.0,2:30:20,0.4683310464794415,0,0,0
9030.0,2:30:30,0.5009030552506695,0,0,0
9040.0,2:30:40,0.5334368127187629,0,0,0
9050.0,2:30:50,0.5823362010801825,0,0,0
9060.0,2:31:00,0.6721638367831615,0,0,0
9070.0,2:31:10,0.6553860143243496,0,0,0
9080.0,2:31:20,0.9579414845340558,0,0,0
9090.0,2:31:30,1.0392088266711106,0,0,0
9100.0,2:31:40,1.3984316878442629,0,0,0
9110.0,2:31:50,1.7163685121083698,0,0,0
9120.0,2:32:00,1.9522494292378052,0,0,0
9130.0,2:32:10,2.0245817153708807,0,0,0
9140.0,2:32:20,1.6807268802682145,0,0,0
9150.0,2:32:30,1.541125832207889,0,0,0
9160.0,2:32:40,1.1653564446238192,0,0,0
9170.0,2:32:50,1.034363047644301,0,0,0
9180.0,2:33:00,1.041899581929898,0,0,0
9190.0,2:33:10,1.179588704100908,0,0,0
9200.0,2:33:20,1.2195529619368264,0,0,0
9210.0,2:33:30,1.3732291480576388,0,0,0
9220.0,2:33:40,1.437396490177625,0,0,0
9230.0,2:33:50,1.3553981762378295,0,0,0
9240.0,2:34:00,1.2004922596510084,0,0,0
9250.0,2:34:10,0.9728059828605204,0,0,0
9260.0,2:34:20,0.8507104015702824,1,1,0
9270.0,2:34:30,0.6477836926345851,1,1,0
9280.0,2:34:40,0.6069445194775731,0,0,0
9290.0,2:34:50,0.4690979795003239,0,0,0
9300.0,2:35:00,0.3314113657151103,0,0,0
9310.0,2:35:10,0.7432235816186641,1,0,1
9320.0,2:35:20,1.2756660429373248,1,0,1
9330.0,2:35:30,1.533140338979959,1,1,1
9340.0,2:35:40,1.5403174277403169,1,1,1
9350.0,2:35:50,1.6442041360196349,0,0,0
9360.0,2:36:00,1.7399156145349843,0,0,0
9370.0,2:36:10,1.4732435631601422,0,0,0
9380.0,2:36:20,1.295384013462851,0,0,0
9390.0,2:36:30,1.3589664230154077,0,0,0
9400.0,2:36:40,1.422475605156264,0,0,0
9410.0,2:36:50,1.5100075790864065,0,0,0
9420.0,2:37:00,1.57335689683409,0,0,0
9430.0,2:37:10,1.5403609149947082,0,0,0
9440.0,2:37:20,1.274878098652576,0,0,0
9450.0,2:37:30,1.0337409350996825,0,0,0
9460.0,2:37:40,0.9130141755209992,0,0,0
9470.0,2:37:50,0.7203872950865101,0,0,0
9480.0,2:38:00,0.7039750687172543,0,0,0
9490.0,2:38:10,0.7835233840759815,0,0,0
9500.0,2:38:20,1.0867165662525196,0,0,0
9510.0,2:38:30,1.2617873674011837,0,0,0
9520.0,2:38:40,1.5563799537929894,0,0,0
9530.0,2:38:50,2.153758151000829,0,0,0
9540.0,2:39:00,2.933819352680628,0,0,0
9550.0,2:39:10,3.258828233095072,0,0,0
9560.0,2:39:20,3.80643927469687,0,0,0
9570.0,2:39:30,4.058955322841664,0,0,0
9580.0,2:39:40,4.048696345497425,0,0,0
9590.0,2:39:50,3.7761097443423,1,1,1
9600.0,2:40:00,3.329038713794951,1,1,1
9610.0,2:40:10,3.16039941797298,0,0,0
9620.0,2:40:20,2.5157790663945447,1,1,0
9630.0,2:40:30,2.3557233301147185,1,1,0
9640.0,2:40:40,2.5367208216662127,1,1,0
9650.0,2:40:50,2.6937466190380306,0,0,0
9660.0,2:41:00,2.533863442888581,0,0,0
9670.0,2:41:10,2.7381989786815013,0,0,0
9680.0,2:41:20,2.6575664958353693,0,0,0
9690.0,2:41:30,2.553310464332996,0,0,0
9700.0,2:41:40,2.4412716573139326,0,0,0
9710.0,2:41:50,2.218813331739076,0,0,0
9720.0,2:42:00,2.1070887051077234,0,0,0
9730.0,2:42:10,1.9718277527106016,0,0,0
9740.0,2:42:20,2.766902094632617,1,1,0
9750.0,2:42:30,3.308978765495912,1,1,0
9760.0,2:42:40,3.291389610531509,1,1,0
9770.0,2:42:50,3.242342301021587,1,1,0
9780.0,2:43:00,3.539428222919391,1,1,0
9790.0,2:43:10,3.498161656727441,1,1,0
9800.0,2:43:20,2.686986974360405,1,1,0
9810.0,2:43:30,2.4106699119171817,1,1,1
9820.0,2:43:40,2.7075638898193253,1,1,1
9830.0,2:43:50,3.623782916586251,1,1,0
9840.0,2:44:00,3.6609853779023496,1,1,0
9850.0,2:44:10,4.191757517075609,1,1,0
9860.0,2:44:20,4.659302797617784,1,1,0
9870.0,2:44:30,4.562831918753134,1,1,0
9880.0,2:44:40,4.184870231214929,0,0,0
9890.0,2:44:50,3.3929744889945663,0,0,0
9900.0,2:45:00,2.992627397470564,0,0,0
9910.0,2:45:10,2.210058038819662,0,0,0
9920.0,2:45:20,1.7015216181182211,0,0,0
9930.0,2:45:30,1.4821722595376543,0,0,0
9940.0,2:45:40,1.3800118624224795,0,0,0
9950.0,2:45:50,1.2390006257688986,0,0,0
9960.0,2:46:00,1.6043785543600502,0,0,0
9970.0,2:46:10,1.7280575835051155,0,0,0
9980.0,2:46:20,1.820484921760241,0,0,0
9990.0,2:46:30,1.7573005680499485,0,0,0
10000.0,2:46:40,1.7252711417073032,0,0,0
10010.0,2:46:50,1.6233712046832476,0,0,0
10020.0,2:47:00,1.1644755607412072,0,0,0
10030.0,2:47:10,0.9000467697670094,0,0,0
10040.0,2:47:20,0.7444691330706358,0,0,0
10050.0,2:47:30,0.7905774413394905,0,0,0
10060.0,2:47:40,1.053543203527986,0,0,0
10070.0,2:47:50,1.130409784492756,0,0,0
10080.0,2:48:00,1.245887870742692,0,0,0
10090.0,2:48:10,1.322572973916196,0,0,0
10100.0,2:48:20,1.5074017739775245,0,0,0
10110.0,2:48:30,1.7461202775721207,0,0,0
10120.0,2:48:40,1.6370928649068086,0,0,0
10130.0,2:48:50,1.8291864444549224,0,0,0
10140.0,2:49:00,1.8667992018975743,0,0,0
10150.0,2:49:10,1.9352140853812057,0,0,0
10160.0,2:49:20,1.733849161054546,0,0,0
10170.0,2:49:30,1.48648335947317,0,0,0
10180.0,2:49:40,1.43952346850343,0,0,0
10190.0,2:49:50,1.4618593821317585,0,0,0
10200.0,2:50:00,1.8686741842775445,0,0,0
10210.0,2:50:10,2.1367213218336363,0,0,0
10220.0,2:50:20,2.389129646357869,0,0,0
10230.0,2:50:30,2.403257878633396,0,0,0
10240.0,2:50:40,2.302260552206576,0,0,0
10250.0,2:50:50,1.9252387485264664,0,0,0
10260.0,2:51:00,1.3492787271047697,0,0,0
10270.0,2:51:10,0.9807935232252128,0,0,0
10280.0,2:51:20,0.7735138459244766,0,0,0
10290.0,2:51:30,0.7195387013775847,0,0,0
10300.0,2:51:40,0.7727299678273789,0,0,0
10310.0,2:51:50,1.1088044362414056,0,0,0
10320.0,2:52:00,1.3222516697554694,1,1,0
10330.0,2:52:10,1.397979102798787,1,1,0
10340.0,2:52:20,1.3209238006136814,0,0,0
10350.0,2:52:30,1.3202626725088549,0,0,0
10360.0,2:52:40,1.1975591775717536,0,0,0
10370.0,2:52:50,1.105475025699607,0,0,0
10380.0,2:53:00,1.0592045862630164,0,0,0
10390.0,2:53:10,0.9977482766787376,0,0,0
10400.0,2:53:20,0.9591916663287908,0,0,0
10410.0,2:53:30,0.9663273233527736,0,0,0
10420.0,2:53:40,1.0419030795272055,0,0,0
10430.0,2:53:50,1.0793985911816313,0,0,0
10440.0,2:54:00,1.3599840556262794,0,0,0
10450.0,2:54:10,1.3896956470453143,0,0,0
10460.0,2:54:20,1.3890185970059834,0,0,0
10470.0,2:54:30,1.304891269336508,0,0,0
10480.0,2:54:40,1.167766614446774,0,0,0
10490.0,2:54:50,0.8867704290715913,0,0,0
10500.0,2:55:00,0.4696859733207553,0,0,0
10510.0,2:55:10,0.4013126858118706,0,0,0
10520.0,2:55:20,0.3935519242503046,1,1,0
10530.0,2:55:30,0.3631049546977509,1,1,0
10540.0,2:55:40,0.4158593157911246,0,0,0
10550.0,2:55:50,0.4761213667909165,0,0,0
10560.0,2:56:00,0.6722968530911726,0,0,0
10570.0,2:56:10,0.7625827388509874,0,0,0
10580.0,2:56:20,0.8754244865239668,0,0,0
10590.0,2:56:30,0.9806177247762192,1,1,0
10600.0,2:56:40,1.2214274379922865,1,1,0
10610.0,2:56:50,1.281145445580152,1,1,0
10620.0,2:57:00,1.144960628774193,0,0,0
10630.0,2:57:10,1.0390204489723247,1,1,0
10640.0,2:57:20,1.0535901089506314,1,1,0
10650.0,2:57:30,1.0380588520686596,1,1,0
10660.0,2:57:40,0.8195382568059876,0,0,0
10670.0,2:57:50,0.7289788328835793,0,0,0
10680.0,2:58:00,0.6385033332263547,0,0,0
10690.0,2:58:10,0.7508374302350914,0,0,0
10700.0,2:58:20,0.6529312488244888,0,0,0
10710.0,2:58:30,0.7651582733352019,0,0,0
10720.0,2:58:40,0.8397937842799612,0,0,0
10730.0,2:58:50,0.8019412659427358,0,0,0
10740.0,2:59:00,0.7865980427091724,0,0,0
10750.0,2:59:10,0.6739248651631452,0,0,0
10760.0,2:59:20,0.7634404815375968,0,0,0
10770.0,2:59:30,0.62843588680435,0,0,0
10780.0,2:59:40,0.8076305986075727,0,0,0
10790.0,2:59:50,0.9791929206906572,0,0,0
10800.0,3:00:00,1.0310617153804584,0,0,0
10810.0,3:00:10,1.0306089630881476,0,0,0
10820.0,3:00:20,1.0152281291916834,0,0,0
10830.0,3:00:30,1.0595553237756403,1,1,0
10840.0,3:00:40,0.8428008286601859,1,1,0
10850.0,3:00:50,0.6858769611313134,0,0,0
10860.0,3:01:00,0.6408691694813238,0,0,0
10870.0,3:01:10,0.9310953286449248,0,0,0
10880.0,3:01:20,1.317866070926699,0,0,0
10890.0,3:01:30,1.2875338681698658,0,0,0
10900.0,3:01:40,1.1977154669363503,0,0,0
10910.0,3:01:50,1.2566964487083865,1,1,0
10920.0,3:02:00,1.2933304832385768,1,1,0
10930.0,3:02:10,0.9584451017236102,0,0,0
10940.0,3:02:20,0.4827350600372347,0,0,0
10950.0,3:02:30,0.4082975913799765,0,0,0
10960.0,3:02:40,0.385866262224447,0,0,0
10970.0,3:02:50,0.3115320886880884,0,0,0
10980.0,3:03:00,0.2965747810527032,0,0,0
10990.0,3:03:10,0.3631547587668914,0,0,0
11000.0,3:03:20,0.4593137916078536,0,0,0
11010.0,3:03:30,0.4961527967353693,0,0,0
11020.0,3:03:40,0.5403648067526917,0,0,0
11030.0,3:03:50,0.6067395666263014,0,0,0
11040.0,3:04:00,0.6730616438237553,0,0,0
11050.0,3:04:10,0.6653982635332183,0,0,0
11060.0,3:04:20,0.5912287807383505,0,0,0
11070.0,3:04:30,0.554056424605455,0,0,0
11080.0,3:04:40,0.6202973095466591,0,0,0
11090.0,3:04:50,0.5905262520367649,0,0,0
11100.0,3:05:00,0.4796140790760101,1,1,0
11110.0,3:05:10,0.4720506740650812,1,1,0
11120.0,3:05:20,0.589833529022009,0,0,0
11130.0,3:05:30,0.7591161970503362,0,0,0
11140.0,3:05:40,0.6630493477419638,1,1,0
11150.0,3:05:50,0.6259726038945894,1,1,0
11160.0,3:06:00,0.6110099780672948,0,0,0
11170.0,3:06:10,0.6328535565914435,0,0,0
11180.0,3:06:20,0.5002061276143819,0,0,0
11190.0,3:06:30,0.3161874525953429,0,0,0
11200.0,3:06:40,0.3234191242215245,0,0,0
11210.0,3:06:50,0.2939074682958211,0,0,0
11220.0,3:07:00,0.3599026874059896,0,0,0
11230.0,3:07:10,0.4111650460983785,0,0,0
11240.0,3:07:20,0.388994943037575,0,0,0
11250.0,3:07:30,0.4622206441643688,0,0,0
11260.0,3:07:40,0.4473836492145686,0,0,0
11270.0,3:07:50,0.4765471716131306,0,0,0
11280.0,3:08:00,0.4250730649844743,0,0,0
11290.0,3:08:10,0.3077008711725554,0,0,0
11300.0,3:08:20,0.322237994903608,0,0,0
11310.0,3:08:30,0.3221233271007259,0,0,0
11320.0,3:08:40,0.3951932216399397,0,0,0
11330.0,3:08:50,0.4535805725934763,0,0,0
11340.0,3:09:00,0.5484939616544485,0,0,0
11350.0,3:09:10,1.1258484826504922,0,0,0
11360.0,3:09:20,1.403168746267166,0,0,0
11370.0,3:09:30,1.6145489192640774,1,1,0
11380.0,3:09:40,1.803877176076962,1,1,0
11390.0,3:09:50,1.9346739243197333,0,0,0
11400.0,3:10:00,1.9851051835176068,0,0,0
11410.0,3:10:10,1.546692641469685,0,0,0
11420.0,3:10:20,1.5097076989810694,0,0,0
11430.0,3:10:30,1.4727501970701795,0,0,0
11440.0,3:10:40,1.384800939295192,0,0,0
11450.0,3:10:50,1.2167660501216069,0,0,0
11460.0,3:11:00,1.0852619669504486,0,0,0
11470.0,3:11:10,0.9392832314950572,0,0,0
11480.0,3:11:20,0.7570064613127331,0,0,0
11490.0,3:11:30,0.7276566160999884,0,0,0
11500.0,3:11:40,0.8001662935799158,0,0,0
11510.0,3:11:50,0.8799031586761696,0,0,0
11520.0,3:12:00,0.8723555870105643,0,0,0
11530.0,3:12:10,0.8938837977264914,0,0,0
11540.0,3:12:20,0.9735208724639648,0,0,0
11550.0,3:12:30,0.8715395391658478,0,0,0
11560.0,3:12:40,0.6461927814260494,0,0,0
11570.0,3:12:50,0.7693874153423347,0,0,0
11580.0,3:13:00,0.8779960748054758,0,0,0
11590.0,3:13:10,1.1316201434853417,0,0,0
11600.0,3:13:20,1.2255541986220575,0,0,0
11610.0,3:13:30,1.2541877341886012,0,0,0
11620.0,3:13:40,1.4857365948368204,0,0,0
11630.0,3:13:50,1.6229621038149362,0,0,0
11640.0,3:14:00,1.6442184238299693,0,0,0
11650.0,3:14:10,1.5351248431800286,0,0,0
11660.0,3:14:20,1.6432694409770496,0,0,0
11670.0,3:14:30,1.635563248361657,0,0,0
11680.0,3:14:40,1.4831656204155024,0,0,0
11690.0,3:14:50,1.2802265974454066,0,0,0
11700.0,3:15:00,1.2943308692203153,0,0,0
11710.0,3:15:10,1.4313211159846806,0,0,0
11720.0,3:15:20,1.2791623812975852,0,0,0
11730.0,3:15:30,1.3799622981970945,0,0,0
11740.0,3:15:40,1.3073587880503428,0,0,0
11750.0,3:15:50,1.2131340209136563,0,0,0
11760.0,3:16:00,1.1261812945419505,0,0,0
11770.0,3:16:10,0.8227610094272098,0,0,0
11780.0,3:16:20,0.6133012479365979,0,0,0
11790.0,3:16:30,0.3895253164250841,0,0,0
11800.0,3:16:40,0.3677901124854069,0,0,0
11810.0,3:16:50,0.2739695871764002,0,0,0
11820.0,3:17:00,0.2594843013048857,1,1,0
11830.0,3:17:10,0.4035407437914456,1,1,0
11840.0,3:17:20,0.4250530139359721,0,0,0
11850.0,3:17:30,0.4177454802094624,0,0,0
11860.0,3:17:40,0.9648997591145994,0,0,0
11870.0,3:17:50,1.216630490281175,0,0,0
11880.0,3:18:00,1.25952152477103,0,0,0
11890.0,3:18:10,1.273612549040912,0,0,0
11900.0,3:18:20,1.381219742948372,0,0,0
11910.0,3:18:30,1.3665124907259705,0,0,0
11920.0,3:18:40,1.5171967007028464,0,0,0
11930.0,3:18:50,1.8331585161907007,0,0,0
11940.0,3:19:00,1.983674030806116,1,1,0
11950.0,3:19:10,1.9041864375253972,1,1,0
11960.0,3:19:20,1.7744505469650418,1,1,0
11970.0,3:19:30,1.967985307134552,0,0,0
11980.0,3:19:40,1.3069170090323323,0,0,0
11990.0,3:19:50,0.7897245429611248,1,1,0
12000.0,3:20:00,0.7967338227775894,1,1,0
12010.0,3:20:10,0.8970334008878399,0,0,0
12020.0,3:20:20,0.9183704481443964,0,0,0
12030.0,3:20:30,0.7890616782251102,0,0,0
12040.0,3:20:40,0.8462752107674832,0,0,0
12050.0,3:20:50,0.7887414342088352,0,0,0
12060.0,3:21:00,0.5806846735960445,0,0,0
12070.0,3:21:10,0.5662351543376674,0,0,0
12080.0,3:21:20,0.9387640452247836,0,0,0
12090.0,3:21:30,1.2251738026662191,0,0,0
12100.0,3:21:40,1.246431187660423,0,0,0
12110.0,3:21:50,1.439572741760668,1,1,0
12120.0,3:22:00,1.596842021770235,1,1,0
12130.0,3:22:10,2.1120280184513835,0,0,0
12140.0,3:22:20,1.975642459421651,0,0,0
12150.0,3:22:30,1.674702928169264,0,0,0
12160.0,3:22:40,1.610008392513083,0,0,0
12170.0,3:22:50,1.488105444914719,0,0,0
12180.0,3:23:00,1.344788608683427,0,0,0
12190.0,3:23:10,0.6794329973557247,0,0,0
12200.0,3:23:20,0.4790995341105567,0,0,0
12210.0,3:23:30,0.4933203314659577,0,0,0
12220.0,3:23:40,0.4646471992007275,0,0,0
12230.0,3:23:50,0.7933485952687949,0,0,0
12240.0,3:24:00,0.8432478998606379,0,0,0
12250.0,3:24:10,0.8716986004019281,0,0,0
12260.0,3:24:20,0.8787107997994318,0,0,0
12270.0,3:24:30,1.0071528378743897,0,0,0
12280.0,3:24:40,1.0569987723301484,0,0,0
12290.0,3:24:50,0.8569028750848144,0,0,0
12300.0,3:25:00,0.8282224908703043,0,0,0
12310.0,3:25:10,0.8281076372709572,0,0,0
12320.0,3:25:20,0.7923054553888356,0,0,0
12330.0,3:25:30,0.7279671899437946,0,0,0
12340.0,3:25:40,0.742143764441829,0,0,0
12350.0,3:25:50,0.5850766036060757,0,0,0
12360.0,3:26:00,0.52079526196333,0,0,0
12370.0,3:26:10,0.6419971078007948,0,0,0
12380.0,3:26:20,0.7917007466600307,0,0,0
12390.0,3:26:30,0.8629230677269814,0,0,0
12400.0,3:26:40,0.877084780140836,0,0,0
12410.0,3:26:50,0.912635406534791,0,0,0
12420.0,3:27:00,0.9410512687019356,0,0,0
12430.0,3:27:10,0.8126384106603999,0,0,0
12440.0,3:27:20,0.6414890994144116,0,0,0
12450.0,3:27:30,0.4632501232565069,0,0,0
12460.0,3:27:40,0.3349319686142802,0,0,0
12470.0,3:27:50,0.2850207233391524,0,0,0
12480.0,3:28:00,0.2636191901734504,0,0,0
12490.0,3:28:10,0.2350981653753301,0,0,0
12500.0,3:28:20,0.2635713384654756,0,0,0
12510.0,3:28:30,0.2564255377122838,0,0,0
12520.0,3:28:40,0.2920156375744092,0,0,0
12530.0,3:28:50,0.3418441344042114,0,0,0
12540.0,3:29:00,0.3916655700235112,0,0,0
12550.0,3:29:10,0.4557216525232412,0,0,0
12560.0,3:29:20,0.4414479834976093,0,0,0
12570.0,3:29:30,0.619407468045001,0,0,0
12580.0,3:29:40,0.9112502761123716,0,0,0
12590.0,3:29:50,1.3098369278279898,0,0,0
12600.0,3:30:00,1.4734745708338342,0,0,0
12610.0,3:30:10,1.5943894159505432,1,1,0
12620.0,3:30:20,1.7437641663968708,1,1,0
12630.0,3:30:30,1.8860101142201693,1,1,0
12640.0,3:30:40,1.6012470510205592,0,0,0
12650.0,3:30:50,1.131492908015645,0,0,0
12660.0,3:31:00,0.9250775904580067,0,0,0
12670.0,3:31:10,0.8325340003283253,0,0,0
12680.0,3:31:20,0.6901927238924911,0,0,0
12690.0,3:31:30,0.4126771101343729,0,0,0
12700.0,3:31:40,0.4553520843922405,0,0,0
12710.0,3:31:50,0.5407134115251224,0,0,0
12720.0,3:32:00,0.562041087306849,0,0,0
12730.0,3:32:10,0.512226601123712,0,0,0
12740.0,3:32:20,0.6260401686265854,0,0,0
12750.0,3:32:30,0.668711077102787,0,0,0
12760.0,3:32:40,0.6189025850072173,0,0,0
12770.0,3:32:50,0.5690974755832662,0,0,0
12780.0,3:33:00,0.5762044003456711,0,0,0
12790.0,3:33:10,0.5690857004979947,0,0,0
12800.0,3:33:20,0.6259905128599741,0,0,0
12810.0,3:33:30,0.782485718057729,0,0,0
12820.0,3:33:40,0.7967125860867679,0,0,0
12830.0,3:33:50,0.7753741955623503,0,0,0
12840.0,3:34:00,0.7042429427756844,0,0,0
12850.0,3:34:10,0.9034305450316168,0,0,0
12860.0,3:34:20,0.874986154263366,0,0,0
12870.0,3:34:30,0.8892264795765976,0,0,0
12880.0,3:34:40,0.924811705497348,0,0,0
12890.0,3:34:50,1.1738234823803364,0,0,0
12900.0,3:35:00,1.3374787075423202,0,0,0
12910.0,3:35:10,1.4015439821140163,0,0,0
12920.0,3:35:20,1.330438767092029,0,0,0
12930.0,3:35:30,1.1099207457333706,0,0,0
12940.0,3:35:40,1.1455357378708213,0,0,0
12950.0,3:35:50,1.0175025677387688,0,0,0
12960.0,3:36:00,1.0104291066892002,0,0,0
12970.0,3:36:10,0.9606620195903288,0,0,0
12980.0,3:36:20,1.4090380352318566,0,0,0
12990.0,3:36:30,2.092313992482145,0,0,0
13000.0,3:36:40,2.2845880299551817,0,0,0
13010.0,3:36:50,2.5836528626068493,0,0,0
13020.0,3:37:00,3.281364496464984,0,0,0
13030.0,3:37:10,3.7798575018909455,0,0,0
13040.0,3:37:20,3.723156574822511,0,0,0
13050.0,3:37:30,3.2820152482185945,1,1,1
13060.0,3:37:40,3.1469754273487998,1,1,1
13070.0,3:37:50,2.8837584428438974,1,1,0
13080.0,3:38:00,2.1505271806858928,0,0,0
13090.0,3:38:10,1.5596157523275376,0,0,0
13100.0,3:38:20,1.1466641932209791,0,0,0
13110.0,3:38:30,0.9900643616507746,0,0,0
13120.0,3:38:40,0.9260439791231916,0,0,0
13130.0,3:38:50,0.8762628258332871,0,0,0
13140.0,3:39:00,0.8193501182308904,0,0,0
13150.0,3:39:10,0.7054247140960196,0,0,0
13160.0,3:39:20,0.66986690457471,0,0,0
13170.0,3:39:30,0.5915416822591839,0,0,0
13180.0,3:39:40,0.5559680801910257,0,0,0
13190.0,3:39:50,0.5417741153006524,0,0,0
13200.0,3:40:00,0.598873038671007,0,0,0
13210.0,3:40:10,0.6203359646864904,0,0,0
13220.0,3:40:20,0.6845932205810918,0,0,0
13230.0,3:40:30,0.7560008852029347,0,0,0
13240.0,3:40:40,0.8630944334890742,0,0,0
13250.0,3:40:50,0.7918699520661068,0,0,0
13260.0,3:41:00,0.8490577358315841,1,1,0
13270.0,3:41:10,1.0703907299178332,1,1,0
13280.0,3:41:20,1.127639891789696,0,0,0
13290.0,3:41:30,1.0492872435831586,0,0,0
13300.0,3:41:40,0.9209412733214118,0,0,0
13310.0,3:41:50,1.07816641850423,0,0,0
13320.0,3:42:00,0.9783573462464282,0,0,0
13330.0,3:42:10,0.964229176457978,0,0,0
13340.0,3:42:20,1.335854430084795,0,0,0
13350.0,3:42:30,1.5932902401925528,0,0,0
13360.0,3:42:40,1.736482020316164,1,1,0
13370.0,3:42:50,1.7796673531118343,1,1,0
13380.0,3:43:00,1.7871312684923262,1,1,0
13390.0,3:43:10,1.6802068807334003,0,0,0
13400.0,3:43:20,1.2872039134051392,0,0,0
13410.0,3:43:30,1.194463187510676,0,0,0
13420.0,3:43:40,1.0086915210789982,0,0,0
13430.0,3:43:50,0.9516458740510776,0,0,0
13440.0,3:44:00,1.445643087485048,0,0,0
13450.0,3:44:10,1.6320447711401809,0,0,0
13460.0,3:44:20,1.6538580566509928,0,0,0
13470.0,3:44:30,1.639880861046792,0,0,0
13480.0,3:44:40,1.7333420652911693,0,0,0
13490.0,3:44:50,1.6119258631917706,0,0,0
13500.0,3:45:00,1.046190035901772,0,0,0
13510.0,3:45:10,0.7525645366222635,0,0,0
13520.0,3:45:20,0.6738769208434079,0,0,0
13530.0,3:45:30,0.5019386126112414,0,0,0
13540.0,3:45:40,0.5307447227793802,0,0,0
13550.0,3:45:50,0.9254365357958876,0,0,0
13560.0,3:46:00,1.1983341608332616,0,0,0
13570.0,3:46:10,1.1842721801262095,0,0,0
13580.0,3:46:20,1.2061034523783345,1,1,0
13590.0,3:46:30,1.3859318323226832,1,1,0
13600.0,3:46:40,1.6735987964041237,0,0,0
13610.0,3:46:50,1.7243250779938055,0,0,0
13620.0,3:47:00,1.6744720144403318,1,1,0
13630.0,3:47:10,1.8186878656758507,1,1,0
13640.0,3:47:20,1.8191790893637985,1,1,0
13650.0,3:47:30,1.6470596137393498,1,1,0
13660.0,3:47:40,1.2734081490935991,0,0,0
13670.0,3:47:50,0.8203918887123606,0,0,0
13680.0,3:48:00,0.6622593713616372,0,0,0
13690.0,3:48:10,0.5328407358072648,0,0,0
13700.0,3:48:20,0.4681727279062715,0,0,0
13710.0,3:48:30,0.5259498263725169,0,0,0
13720.0,3:48:40,0.5405216221827372,0,0,0
13730.0,3:48:50,0.5406859442829987,0,0,0
13740.0,3:49:00,0.4903728293338903,0,0,0
13750.0,3:49:10,0.4688848264693407,0,0,0
13760.0,3:49:20,0.4546009924836362,0,0,0
13770.0,3:49:30,0.3825642509943182,0,0,0
13780.0,3:49:40,0.3104826509257734,0,0,0
13790.0,3:49:50,0.2600240017402344,0,0,0
13800.0,3:50:00,0.2817859217890066,0,0,0
13810.0,3:50:10,0.318018809190862,0,0,0
13820.0,3:50:20,0.3759677763088558,0,0,0
13830.0,3:50:30,0.4411903184598638,0,0,0
13840.0,3:50:40,0.4702838536542205,0,0,0
13850.0,3:50:50,0.4921618171126296,0,0,0
13860.0,3:51:00,0.5285375934605931,0,0,0
13870.0,3:51:10,0.4635416325478397,0,0,0
13880.0,3:51:20,0.3550277806656218,0,0,0
13890.0,3:51:30,0.3116692391176374,0,0,0
13900.0,3:51:40,0.7105792741033499,0,0,0
13910.0,3:51:50,1.2621135721303025,0,0,0
13920.0,3:52:00,1.3496669712797809,0,0,0
13930.0,3:52:10,1.400997100776699,0,0,0
13940.0,3:52:20,1.4668959817356384,0,0,0
13950.0,3:52:30,1.4311461068622529,0,0,0
13960.0,3:52:40,1.19914933550519,0,0,0
13970.0,3:52:50,0.7997520816181469,0,0,0
13980.0,3:53:00,0.8800821744716482,0,0,0
13990.0,3:53:10,0.9604809270100136,0,0,0
14000.0,3:53:20,0.9754350950367456,0,0,0
14010.0,3:53:30,1.012252724671855,0,0,0
14020.0,3:53:40,0.8451125204658896,0,0,0
14030.0,3:53:50,0.7361429136913054,0,0,0
14040.0,3:54:00,0.5177083324888955,0,0,0
14050.0,3:54:10,0.4230996625789373,0,0,0
14060.0,3:54:20,0.3576024500121013,0,0,0
14070.0,3:54:30,0.3139528489087127,0,0,0
14080.0,3:54:40,0.2921792597928701,0,0,0
14090.0,3:54:50,0.2557718338419671,0,0,0
14100.0,3:55:00,0.2193325425202783,0,0,0
14110.0,3:55:10,0.2194330755478581,0,0,0
14120.0,3:55:20,0.2195346040049698,0,0,0
14130.0,3:55:30,0.2123158946670578,0,0,0
14140.0,3:55:40,0.2050912876458208,0,0,0
14150.0,3:55:50,0.2125170337843382,0,0,0
14160.0,3:56:00,0.2126190710283863,0,0,0
14170.0,3:56:10,0.1467048915436086,0,0,0
14180.0,3:56:20,0.1541154542343809,0,0,0
14190.0,3:56:30,0.1982462038167326,0,0,0
14200.0,3:56:40,0.2497676466472859,0,0,0
14210.0,3:56:50,0.2278437100459269,0,0,0
14220.0,3:57:00,0.2647267807386627,0,0,0
14230.0,3:57:10,0.3384349344942407,0,0,0
14240.0,3:57:20,0.3606927120224055,0,0,0
14250.0,3:57:30,0.3682452783070016,0,0,0
14260.0,3:57:40,0.3610697684172347,0,0,0
14270.0,3:57:50,0.3760062504897552,0,0,0
14280.0,3:58:00,0.3909602303163103,0,0,0
14290.0,3:58:10,0.3690290289349297,0,0,0
14300.0,3:58:20,0.3544602782433402,0,0,0
14310.0,3:58:30,0.458095304776363,0,0,0
14320.0,3:58:40,0.4361701973124772,0,0,0
14330.0,3:58:50,0.4586036515654374,0,0,0
14340.0,3:59:00,0.4736632173049103,0,0,0
14350.0,3:59:10,0.4665263041662879,0,0,0
14360.0,3:59:20,0.444564495264266,0,0,0
14370.0,3:59:30,0.3039606513709293,0,0,0
14380.0,3:59:40,0.3189730593451392,0,0,0
14390.0,3:59:50,0.3191597403537553,0,0,0
14400.0,4:00:00,0.2599344603979971,0,0,0
14410.0,4:00:10,0.2600890701687407,0,0,0
14420.0,4:00:20,0.3346007400364902,0,0,0
14430.0,4:00:30,0.3273629124748988,0,0,0
14440.0,4:00:40,0.305228561495206,0,0,0
14450.0,4:00:50,0.2532718072728604,0,0,0
14460.0,4:01:00,0.2683361381306257,0,0,0
14470.0,4:01:10,0.3132541313423347,0,0,0
14480.0,4:01:20,0.3209142139866796,0,0,0
14490.0,4:01:30,0.3883282254180467,0,0,0
14500.0,4:01:40,0.4184666978091305,0,0,0
14510.0,4:01:50,0.493510301278569,0,0,0
14520.0,4:02:00,0.5237594815684811,0,0,0
14530.0,4:02:10,0.5839991287197704,0,0,0
14540.0,4:02:20,0.5843837255922735,0,0,0
14550.0,4:02:30,0.554783232523923,0,0,0
14560.0,4:02:40,0.5551541807931641,0,0,0
14570.0,4:02:50,0.4879639509823303,0,0,0
14580.0,4:03:00,0.5183441100700797,0,0,0
14590.0,4:03:10,0.5262159743161103,0,0,0
14600.0,4:03:20,0.5115334461296127,0,0,0
14610.0,4:03:30,0.459194125867912,0,0,0
14620.0,4:03:40,0.4444491782763357,0,0,0
14630.0,4:03:50,0.5050690481570205,0,0,0
14640.0,4:04:00,1.2296221275832009,0,0,0
14650.0,4:04:10,1.3135411814211797,0,0,0
14660.0,4:04:20,1.3069326319644663,0,0,0
14670.0,4:04:30,1.345680743370413,0,0,0
14680.0,4:04:40,1.3164019356643852,0,0,0
14690.0,4:04:50,1.2719442448391287,0,0,0
14700.0,4:05:00,0.4621792739793218,0,0,0
14710.0,4:05:10,0.2881299366773817,0,0,0
14720.0,4:05:20,0.288346621236382,0,0,0
14730.0,4:05:30,0.2809712044457588,0,0,0
14740.0,4:05:40,0.2735859267900317,0,0,0
14750.0,4:05:50,0.2966124509016257,0,0,0
14760.0,4:06:00,0.3120646012973231,0,0,0
14770.0,4:06:10,0.2666041762200233,0,0,0
14780.0,4:06:20,0.350668995749724,0,0,0
14790.0,4:06:30,0.5645654312956034,0,0,0
14800.0,4:06:40,0.6337326461712399,0,0,0
14810.0,4:06:50,0.6877305730828024,0,0,0
14820.0,4:07:00,0.7724092194807595,0,0,0
14830.0,4:07:10,0.7806905609268608,0,0,0
14840.0,4:07:20,0.6434475660695553,0,0,0
14850.0,4:07:30,0.4983159639405147,0,0,0
14860.0,4:07:40,0.5370930201223684,0,0,0
14870.0,4:07:50,0.5759373234596611,0,0,0
14880.0,4:08:00,0.5072509451202567,0,0,0
14890.0,4:08:10,0.515372436933697,0,0,0
14900.0,4:08:20,0.5081129616713203,0,0,0
14910.0,4:08:30,0.446906623719777,0,0,0
14920.0,4:08:40,0.439580714432271,0,0,0
14930.0,4:08:50,0.3396205457430973,0,0,0
14940.0,4:09:00,0.3321924642612472,0,0,0
14950.0,4:09:10,0.3247530216823545,0,0,0
14960.0,4:09:20,0.4179100524933125,0,0,0
14970.0,4:09:30,0.4492672571017471,0,0,0
14980.0,4:09:40,0.5194477541046781,0,0,0
14990.0,4:09:50,0.5975175708407013,0,0,0
15000.0,4:10:00,0.6446641713967277,0,0,0
15010.0,4:10:10,0.6452553754833172,0,0,0
15020.0,4:10:20,0.5446936322255019,0,0,0
15030.0,4:10:30,0.4906797776709373,0,0,0
15040.0,4:10:40,0.3975884710745409,0,0,0
15050.0,4:10:50,0.4759946732351148,0,0,0
15060.0,4:11:00,0.6482785726095339,0,0,0
15070.0,4:11:10,0.7427132548317532,0,0,0
15080.0,4:11:20,0.7825538859929018,0,0,0
15090.0,4:11:30,0.924305724350972,0,0,0
15100.0,4:11:40,0.91736378520298,0,0,0
15110.0,4:11:50,0.8005357269318308,0,0,0
15120.0,4:12:00,0.6363457055016173,0,0,0
15130.0,4:12:10,0.5504735251188303,0,0,0
15140.0,4:12:20,0.5903814667776655,0,0,0
15150.0,4:12:30,0.5830945705818703,0,0,0
15160.0,4:12:40,0.5679085164543815,0,0,0
15170.0,4:12:50,0.5447990940740183,0,0,0
15180.0,4:13:00,0.5295491746020582,0,0,0
15190.0,4:13:10,0.522182668212141,0,0,0
15200.0,4:13:20,0.5227238406448403,0,0,0
15210.0,4:13:30,0.6421937714206727,0,0,0
15220.0,4:13:40,0.658741031218397,0,0,0
15230.0,4:13:50,0.8262821723839856,0,0,0
15240.0,4:14:00,0.9782761269036008,0,0,0
15250.0,4:14:10,1.1226377721715377,0,0,0
15260.0,4:14:20,1.203551239570387,0,0,0
15270.0,4:14:30,1.0692086259740408,1,1,0
15280.0,4:14:40,1.0863493624619402,1,1,0
15290.0,4:14:50,0.9196113878929966,1,1,0
15300.0,4:15:00,0.7685224989720069,0,0,0
15310.0,4:15:10,0.6251176772674921,0,0,0
15320.0,4:15:20,0.5134899647690606,0,0,0
15330.0,4:15:30,0.4899701569161351,0,0,0
15340.0,4:15:40,0.5387724941859122,0,0,0
15350.0,4:15:50,0.5635370805205172,0,0,0
15360.0,4:16:00,0.556122456617147,0,0,0
15370.0,4:16:10,0.6132462080502371,0,0,0
15380.0,4:16:20,0.5978001278565243,0,0,0
15390.0,4:16:30,0.6146727529070831,0,0,0
15400.0,4:16:40,0.5506155401009601,0,0,0
15410.0,4:16:50,0.5431585822995003,0,0,0
15420.0,4:17:00,0.5356871085376199,0,0,0
15430.0,4:17:10,0.5038224368802517,0,0,0
15440.0,4:17:20,0.5044280317967316,0,0,0
15450.0,4:17:30,0.431726065748547,0,0,0
15460.0,4:17:40,0.546430917270433,0,0,0
15470.0,4:17:50,0.7104131188189071,0,0,0
15480.0,4:18:00,0.719463663225535,0,0,0
15490.0,4:18:10,0.7694700972334015,0,0,0
15500.0,4:18:20,0.770429124997253,0,0,0
15510.0,4:18:30,0.7221571501644781,0,0,0
15520.0,4:18:40,0.5751677983030372,0,0,0
15530.0,4:18:50,0.4689452593391605,0,0,0
15540.0,4:19:00,0.5189696030352805,0,0,0
15550.0,4:19:10,0.4948915316560172,0,0,0
15560.0,4:19:20,0.7845906286413286,0,0,0
15570.0,4:19:30,1.0336978630115057,0,0,0
15580.0,4:19:40,1.1426945538588351,0,0,0
15590.0,4:19:50,1.2354016957877458,0,0,0
15600.0,4:20:00,1.3366634074208297,0,0,0
15610.0,4:20:10,1.3966357164443548,0,0,0
15620.0,4:20:20,1.1487725950548917,0,0,0
15630.0,4:20:30,0.9585999312473528,0,0,0
15640.0,4:20:40,0.8346945898351154,0,0,0
15650.0,4:20:50,0.7773240098233374,0,0,0
15660.0,4:21:00,0.6277336928668688,0,0,0
15670.0,4:21:10,0.5196422239631511,0,0,0
15680.0,4:21:20,0.612685656331116,0,0,0
15690.0,4:21:30,0.806848054532366,0,0,0
15700.0,4:21:40,0.9763100523477708,0,0,0
15710.0,4:21:50,0.8934052129441341,0,0,0
15720.0,4:22:00,0.8693532897025763,0,0,0
15730.0,4:22:10,0.9213097533095234,0,0,0
15740.0,4:22:20,0.9057048519695268,0,0,0
15750.0,4:22:30,0.7629091835637044,0,0,0
15760.0,4:22:40,0.6112149049896068,0,0,0
15770.0,4:22:50,0.595105954127531,0,0,0
15780.0,4:23:00,0.6640937637496732,0,0,0
15790.0,4:23:10,0.6650766391537677,0,0,0
15800.0,4:23:20,0.6233701607002257,0,0,0
15810.0,4:23:30,0.632855728036482,0,0,0
15820.0,4:23:40,0.7965436816830764,0,0,0
15830.0,4:23:50,1.132291011717285,0,0,0
15840.0,4:24:00,1.2542910170489876,0,0,0
15850.0,4:24:10,1.376672490849738,1,1,0
15860.0,4:24:20,1.3529426511595688,1,1,0
15870.0,4:24:30,1.4672416624447278,0,0,0
15880.0,4:24:40,1.5386847694008816,0,0,0
15890.0,4:24:50,1.2121003135710284,0,0,0
15900.0,4:25:00,1.1879986393237558,0,0,0
15910.0,4:25:10,1.2246255930197474,0,0,0
15920.0,4:25:20,1.2526783444323846,0,0,0
15930.0,4:25:30,1.1588457051590657,0,0,0
15940.0,4:25:40,0.9949008072180584,0,0,0
15950.0,4:25:50,0.9877758758630651,0,0,0
15960.0,4:26:00,1.0244127583734348,0,0,0
15970.0,4:26:10,1.3768988662199082,1,1,0
15980.0,4:26:20,1.5548664047982024,1,1,0
15990.0,4:26:30,1.5926486813569622,0,0,0
16000.0,4:26:40,1.6393819564747096,0,0,0
16010.0,4:26:50,1.712769625388566,0,0,0
16020.0,4:27:00,1.609544065619086,0,0,0
16030.0,4:27:10,1.0984788453221526,1,1,0
16040.0,4:27:20,0.8163956123134636,1,1,0
16050.0,4:27:30,0.6489075604421017,0,0,0
16060.0,4:27:40,0.5966041337078699,0,0,0
16070.0,4:27:50,0.5530431190134054,0,0,0
16080.0,4:28:00,0.5718834360348155,0,0,0
16090.0,4:28:10,0.6176483593444664,0,0,0
16100.0,4:28:20,0.744285218851755,0,0,0
16110.0,4:28:30,0.8174783567761128,0,0,0
16120.0,4:28:40,0.7199509711699701,0,0,0
16130.0,4:28:50,0.6671557595784516,0,0,0
16140.0,4:29:00,0.5690143277950434,0,0,0
16150.0,4:29:10,0.533858757615493,0,0,0
16160.0,4:29:20,0.7614650146908845,0,0,0
16170.0,4:29:30,0.7719524178795221,1,1,0
16180.0,4:29:40,1.2010224662394455,1,1,0
16190.0,4:29:50,1.7228572018967514,0,0,0
16200.0,4:30:00,1.835686553443972,0,0,0
16210.0,4:30:10,1.912354873508905,0,0,0
16220.0,4:30:20,1.6317991560969107,0,0,0
16230.0,4:30:30,1.6073633071088047,0,0,0
16240.0,4:30:40,1.2699575807234167,1,1,0
16250.0,4:30:50,0.8667163040556939,1,1,0
16260.0,4:31:00,0.748303889779652,1,1,0
16270.0,4:31:10,0.8978700938183253,0,0,0
16280.0,4:31:20,1.048030571091944,0,0,0
16290.0,4:31:30,1.096569668054463,0,0,0
16300.0,4:31:40,1.0708183003875544,0,0,0
16310.0,4:31:50,1.0449721843381348,0,0,0
16320.0,4:32:00,1.0283790675727456,0,0,0
16330.0,4:32:10,0.7681629112921401,0,0,0
16340.0,4:32:20,0.6946327854548398,0,0,0
16350.0,4:32:30,1.4297377687146309,0,0,0
16360.0,4:32:40,1.5740688301258214,0,0,0
16370.0,4:32:50,1.7473449824684997,0,0,0
16380.0,4:33:00,1.9686803806942037,0,0,0
16390.0,4:33:10,2.039203604574797,0,0,0
16400.0,4:33:20,2.12904939412363,0,0,0
16410.0,4:33:30,1.390629809630468,0,0,0
16420.0,4:33:40,1.1931500350580115,0,0,0
16430.0,4:33:50,0.9565702137965232,0,0,0
16440.0,4:34:00,1.4091962335672783,0,0,0
16450.0,4:34:10,1.62361719727681,0,0,0
16460.0,4:34:20,1.5501408573578153,0,0,0
16470.0,4:34:30,1.4667051302191492,0,0,0
16480.0,4:34:40,1.4699493519279128,0,0,0
16490.0,4:34:50,1.511988901492915,0,0,0
16500.0,4:35:00,0.8839675424374905,0,0,0
16510.0,4:35:10,0.5646763254255996,0,0,0
16520.0,4:35:20,0.4098295919765637,0,0,0
16530.0,4:35:30,0.4107632363670561,0,0,0
16540.0,4:35:40,0.5587419017075076,0,0,0
16550.0,4:35:50,0.540379768601403,0,0,0
16560.0,4:36:00,0.502241401164361,1,1,0
16570.0,4:36:10,0.5527672203216583,1,1,1
16580.0,4:36:20,0.5837463862496567,1,0,1
16590.0,4:36:30,0.7338848352371895,0,0,0
16600.0,4:36:40,0.6759821229649795,0,0,0
16610.0,4:36:50,0.7772435938165899,0,0,0
16620.0,4:37:00,0.8190658918153891,0,0,0
16630.0,4:37:10,0.8110332908875357,0,0,0
16640.0,4:37:20,0.7828944541176541,0,0,0
16650.0,4:37:30,0.8552415929828866,0,0,0
16660.0,4:37:40,0.8371737887649651,0,0,0
16670.0,4:37:50,0.6471300391832564,0,0,0
16680.0,4:38:00,0.7095616610209261,0,0,0
16690.0,4:38:10,0.85360786996929,0,0,0
16700.0,4:38:20,0.8659476285002323,0,0,0
16710.0,4:38:30,0.6434479628539567,0,0,0
16720.0,4:38:40,0.8498803796874367,0,0,0
16730.0,4:38:50,1.0060494233292097,0,0,0
16740.0,4:39:00,1.1012788476899031,0,0,0
16750.0,4:39:10,0.9287163867717166,0,0,0
16760.0,4:39:20,1.0656430411279552,0,0,0
16770.0,4:39:30,1.0373262304059725,0,0,0
16780.0,4:39:40,0.7488513920110994,1,0,1
16790.0,4:39:50,0.7091316174175916,1,0,1
16800.0,4:40:00,0.4809917413742421,0,0,0
16810.0,4:40:10,0.4613190928231456,0,0,0
16820.0,4:40:20,0.388979407031981,0,0,0
16830.0,4:40:30,0.4322073010661351,0,0,0
16840.0,4:40:40,0.4651055846088453,0,0,0
16850.0,4:40:50,0.3603925178289328,0,0,0
16860.0,4:41:00,0.3932818798115142,0,0,0
16870.0,4:41:10,0.5755840990727166,0,0,0
16880.0,4:41:20,0.94062826432535,0,0,0
16890.0,4:41:30,1.0933605937253363,0,0,0
16900.0,4:41:40,1.4942166376615411,0,0,0
16910.0,4:41:50,1.6170864516149583,0,0,0
16920.0,4:42:00,1.6217511019315105,0,0,0
16930.0,4:42:10,1.6156154140188026,0,0,0
16940.0,4:42:20,1.3049672705146786,0,0,0
16950.0,4:42:30,1.221549276066416,0,0,0
16960.0,4:42:40,0.8422990161537298,0,0,0
16970.0,4:42:50,0.8448059517851679,0,0,0
16980.0,4:43:00,0.913362425138448,0,0,0
16990.0,4:43:10,0.8498901345471852,0,0,0
17000.0,4:43:20,1.040675196258942,0,0,0
17010.0,4:43:30,1.332576730514263,0,0,0
17020.0,4:43:40,1.8936161202891628,0,0,0
17030.0,4:43:50,2.089417133217419,0,0,0
17040.0,4:44:00,2.151958307188456,1,1,0
17050.0,4:44:10,2.1924259922680096,1,1,0
17060.0,4:44:20,1.906090177373629,1,1,0
17070.0,4:44:30,1.5613886169336737,0,0,0
17080.0,4:44:40,1.2712588242674543,0,0,0
17090.0,4:44:50,1.1842469117746433,0,0,0
17100.0,4:45:00,1.1766522132529265,0,0,0
17110.0,4:45:10,1.1231765347615543,0,0,0
17120.0,4:45:20,1.2533393160672386,0,0,0
17130.0,4:45:30,1.2343985648266635,0,0,0
17140.0,4:45:40,0.9722763218774574,0,0,0
17150.0,4:45:50,0.7780964428873979,0,0,0
17160.0,4:46:00,0.7224503669476023,0,0,0
17170.0,4:46:10,0.7248953204932129,0,0,0
17180.0,4:46:20,0.6335112249967016,0,0,0
17190.0,4:46:30,0.7769466414512809,0,0,0
17200.0,4:46:40,1.0985675211839676,0,0,0
17210.0,4:46:50,2.1692089118853044,0,0,0
17220.0,4:47:00,3.0689266396937724,0,0,0
17230.0,4:47:10,4.201806955473376,0,0,0
17240.0,4:47:20,5.031292522725777,0,0,0
17250.0,4:47:30,5.614283182223343,0,0,0
17260.0,4:47:40,6.901301903650355,0,0,0
17270.0,4:47:50,6.50245496852948,0,0,0
17280.0,4:48:00,5.991404800396619,0,0,0
17290.0,4:48:10,5.03757099159936,0,0,0
17300.0,4:48:20,4.248159335936504,0,0,0
17310.0,4:48:30,3.624970269444271,0,0,0
