time_seconds,time_hms,normalized_frequency
30.0,0:30,1.5718211284547332
40.0,0:40,1.786114507870875
50.0,0:50,1.8661866260651456
60.0,1:00,1.8049982873614698
70.0,1:10,1.9257632544669439
80.0,1:20,1.8239018617382758
90.0,1:30,1.4259480460592695
100.0,1:40,1.3469662646797516
110.0,1:50,1.2718381957177318
120.0,2:00,1.374168981166712
130.0,2:10,1.2991799524386465
140.0,2:20,1.2464602398167777
150.0,2:30,1.3780787079988874
160.0,2:40,1.4616358911346716
170.0,2:50,1.4273557923905311
180.0,3:00,1.3968232725164924
190.0,3:10,1.3994123060547687
200.0,3:20,1.3726525892784
210.0,3:30,1.2982730928648727
220.0,3:40,1.2533376360705994
230.0,3:50,1.2524276696644965
240.0,4:00,1.090517779362019
250.0,4:10,1.0641546680940175
260.0,4:20,1.0305319664080763
270.0,4:30,1.051745666330296
280.0,4:40,1.0182011791493208
290.0,4:50,1.021183556554987
300.0,5:00,1.1298715696023058
310.0,5:10,1.1364459315250781
320.0,5:20,1.1139035185823225
330.0,5:30,1.0586593747614086
340.0,5:40,0.9853142863024635
350.0,5:50,0.9047991080364364
360.0,6:00,0.8643351525226428
370.0,6:10,0.9509637550003601
380.0,6:20,1.0483903129175023
390.0,6:30,1.0478291829322104
400.0,6:40,0.9675566082460211
410.0,6:50,0.9199755314878433
420.0,7:00,0.8217709718143776
430.0,7:10,0.6693973150097763
440.0,7:20,0.7088600579761
450.0,7:30,0.7735978997648785
460.0,7:40,0.8057648201434612
470.0,7:50,0.7981830089205397
480.0,8:00,0.8483784888021095
490.0,8:10,0.8624542416992825
500.0,8:20,0.8260280477556216
510.0,8:30,0.7932460117659744
520.0,8:40,0.8361878269322085
530.0,8:50,0.8358708801249239
540.0,9:00,0.7599302221828756
550.0,9:10,0.8244635704234881
560.0,9:20,0.8637670135494371
570.0,9:30,0.7627377777345152
580.0,9:40,0.6941532291503173
590.0,9:50,0.7119122630943979
600.0,10:00,0.8267171501055746
610.0,10:10,0.8085074410557949
620.0,10:20,0.7759472406470925
630.0,10:30,0.8116491695022782
640.0,10:40,0.8832446086199125
650.0,10:50,0.9548122818416636
660.0,11:00,0.9366380909074212
670.0,11:10,0.8610769360822624
680.0,11:20,0.8465382121505327
690.0,11:30,0.8714633164053406
700.0,11:40,0.9394135268352649
710.0,11:50,0.8782914900677763
720.0,12:00,0.8315378502771792
730.0,12:10,0.8313958029506759
740.0,12:20,0.7775166970024587
750.0,12:30,0.7666519366789698
760.0,12:40,0.6805763419247923
770.0,12:50,0.6589980778403995
780.0,13:00,0.8093234424643981
790.0,13:10,0.9238149924239518
800.0,13:20,0.9774258345361643
810.0,13:30,1.124115441775976
820.0,13:40,1.1884575262270414
830.0,13:50,1.349445811912142
840.0,14:00,1.152504623834459
850.0,14:10,1.0307567085656557
860.0,14:20,0.9305036166818311
870.0,14:30,0.7479562267382756
880.0,14:40,0.6799434649189214
890.0,14:50,0.6155184447501275
900.0,15:00,0.6763507108282784
910.0,15:10,0.8159181644553128
920.0,15:20,1.041382857039014
930.0,15:30,1.0700359338435237
940.0,15:40,1.1881712547401155
950.0,15:50,1.1345353561204004
960.0,16:00,1.2741794681763006
970.0,16:10,1.2814140100684863
980.0,16:20,1.1955912711975323
990.0,16:30,1.245802844501171
1000.0,16:40,1.1957883310042376
1010.0,16:50,1.1923226650305268
1020.0,17:00,1.020563629003813
1030.0,17:10,0.8881708072296824
1040.0,17:20,0.7485909976864982
1050.0,17:30,0.698538466797216
1060.0,17:40,0.6986370548593601
1070.0,17:50,0.6915753095931938
1080.0,18:00,0.7203561327682271
1090.0,18:10,0.7742439723074725
1100.0,18:20,0.8747634505886163
1110.0,18:30,0.8139677691450953
1120.0,18:40,0.6527353050223543
1130.0,18:50,0.5596009999185292
1140.0,19:00,0.5274279959948127
1150.0,19:10,0.4306483927195754
1160.0,19:20,0.3481872217673872
1170.0,19:30,0.36263167478863717
1180.0,19:40,0.38426882579749416
1190.0,19:50,0.402327896769884
1200.0,20:00,0.38806131593183063
1210.0,20:10,0.4636438375872539
1220.0,20:20,0.5464623633579193
1230.0,20:30,0.5861784520438771
1240.0,20:40,0.6007419686695562
1250.0,20:50,0.6045242263950787
1260.0,21:00,0.5867169255249151
1270.0,21:10,0.5076920431842217
1280.0,21:20,0.3745919607003765
1290.0,21:30,0.3963376170635063
1300.0,21:40,0.3892668994580147
1310.0,21:50,0.3785887783555623
1320.0,22:00,0.6492459604093818
1330.0,22:10,0.9237163159966741
1340.0,22:20,1.1262082832641775
1350.0,22:30,1.076092058265035
1360.0,22:40,1.2463064751569473
1370.0,22:50,1.4383512922259833
1380.0,23:00,1.276251531048774
1390.0,23:10,1.1501961016015412
1400.0,23:20,1.0385164607788735
1410.0,23:30,1.364781292899701
1420.0,23:40,1.3110643275316678
1430.0,23:50,1.1449847960764372
1440.0,24:00,1.3883919782721887
1450.0,24:10,1.345523800858363
1460.0,24:20,1.280854481385958
1470.0,24:30,0.9257129279239756
1480.0,24:40,0.8099449719511984
1490.0,24:50,0.8321546927055083
1500.0,25:00,0.5526288176434734
1510.0,25:10,0.7020564250762481
1520.0,25:20,0.7460994909665423
1530.0,25:30,0.7974777339797108
1540.0,25:40,0.9400027246051721
1550.0,25:50,1.0608176285644255
1560.0,26:00,1.0541132771959816
1570.0,26:10,0.8393871928816726
1580.0,26:20,0.8763834297581258
1590.0,26:30,1.1216905147977625
1600.0,26:40,1.001706115554054
1610.0,26:50,0.9291415792458387
1620.0,27:00,0.9150607363220589
1630.0,27:10,1.0914182685306877
1640.0,27:20,1.0371217291993555
1650.0,27:30,0.7444078962671911
1660.0,27:40,0.7558873425735904
1670.0,27:50,0.7967604747963525
1680.0,28:00,0.856062418349734
1690.0,28:10,0.7352994287257785
1700.0,28:20,0.8387973572883927
1710.0,28:30,1.0197487755690837
1720.0,28:40,1.0609633051601632
1730.0,28:50,0.9695301160199398
1740.0,29:00,0.907489401446436
1750.0,29:10,1.0779370928124707
1760.0,29:20,1.1673604147011107
1770.0,29:30,1.0535939060626003
1780.0,29:40,0.9618679112652765
1790.0,29:50,0.9292502552707628
1800.0,30:00,0.9002959427863598
1810.0,30:10,0.6896284673443537
1820.0,30:20,0.645621313508089
1830.0,30:30,0.5718456950391438
1840.0,30:40,0.5945806680601979
1850.0,30:50,0.6917346774581843
1860.0,31:00,0.7555471483187965
1870.0,31:10,0.7598672892240937
1880.0,31:20,0.6933710230434699
1890.0,31:30,0.8319665658430513
1900.0,31:40,0.9110499776418517
1910.0,31:50,0.8706883867424797
1920.0,32:00,1.09206181277346
1930.0,32:10,1.1790590008173487
1940.0,32:20,1.082646086753467
1950.0,32:30,1.031069895177166
1960.0,32:40,1.1858023181490347
1970.0,32:50,1.3145166871515226
1980.0,33:00,1.1089091380980896
1990.0,33:10,1.0082951091284047
2000.0,33:20,1.0054166527223347
2010.0,33:30,0.9158535890554739
2020.0,33:40,0.87517668669983
2030.0,33:50,0.7287122103335808
2040.0,34:00,0.7520484047869713
2050.0,34:10,0.7678665114466136
2060.0,34:20,0.9843804797282928
2070.0,34:30,1.0724548400321279
2080.0,34:40,0.8951802343140984
2090.0,34:50,0.9074135273163979
2100.0,35:00,0.870271285526043
2110.0,35:10,0.8482791812314845
2120.0,35:20,0.6511001156815927
2130.0,35:30,0.6098068489021766
2140.0,35:40,0.6104019048770504
2150.0,35:50,0.6950143809108739
2160.0,36:00,0.733927317746675
2170.0,36:10,0.7690953976352096
2180.0,36:20,0.8617909053758046
2190.0,36:30,0.8741628880084924
2200.0,36:40,0.8750510364740725
2210.0,36:50,0.8413690894914169
2220.0,37:00,0.7730102855494649
2230.0,37:10,0.7160639437566185
2240.0,37:20,0.6166111219519897
2250.0,37:30,0.5863950893707721
2260.0,37:40,0.5792902392529478
2270.0,37:50,0.5567093327621176
2280.0,38:00,0.6230971720913007
2290.0,38:10,0.6896307699812053
2300.0,38:20,0.69813382565463
2310.0,38:30,0.927975350995968
2320.0,38:40,1.057261986968292
2330.0,38:50,1.112904054240008
2340.0,39:00,1.1102411655854174
2350.0,39:10,1.2791747406241265
2360.0,39:20,1.4094497025980768
2370.0,39:30,1.5165726953433323
2380.0,39:40,1.7530787220055424
2390.0,39:50,1.986213940841185
2400.0,40:00,2.031632941672754
2410.0,40:10,1.9829284124357676
2420.0,40:20,1.914465457373581
2430.0,40:30,1.672681132119892
2440.0,40:40,1.5603707486819987
2450.0,40:50,1.5898229871509844
2460.0,41:00,1.7220432141590385
2470.0,41:10,1.8150424420767868
2480.0,41:20,1.8013775441781323
2490.0,41:30,1.6965203163839642
2500.0,41:40,1.4009242141884355
2510.0,41:50,1.0330958367671335
2520.0,42:00,0.871247179018665
2530.0,42:10,0.6492583658409458
2540.0,42:20,0.5623211377896162
2550.0,42:30,0.586976396474634
2560.0,42:40,0.8235902250751197
2570.0,42:50,1.349016218817053
2580.0,43:00,1.5350834578341015
2590.0,43:10,1.6614303524194378
2600.0,43:20,1.7680139373781552
2610.0,43:30,1.9151102901158397
2620.0,43:40,2.0384205890804843
2630.0,43:50,1.6901153813784393
2640.0,44:00,1.4782404031968195
2650.0,44:10,1.350749126641828
2660.0,44:20,1.2310300247835817
2670.0,44:30,1.0745097236625807
2680.0,44:40,0.86480077022301
2690.0,44:50,1.0936120832290543
2700.0,45:00,1.4329492188872608
2710.0,45:10,1.7731973112172457
2720.0,45:20,2.1347730614198075
2730.0,45:30,2.317489857902268
2740.0,45:40,2.5948444765734804
2750.0,45:50,2.299189437793732
2760.0,46:00,1.957593943221693
2770.0,46:10,1.5739751087112872
2780.0,46:20,1.3580331921453315
2790.0,46:30,1.4134824591538209
2800.0,46:40,1.2297445839899726
2810.0,46:50,1.202531552119181
2820.0,47:00,1.6304482864730725
2830.0,47:10,2.018131938386387
2840.0,47:20,2.149624514746851
2850.0,47:30,2.082021847277283
2860.0,47:40,2.043366219379544
2870.0,47:50,2.087959390315284
2880.0,48:00,1.5692574810652868
2890.0,48:10,1.3332804662571098
2900.0,48:20,1.3142784114978268
2910.0,48:30,1.4084009567615898
2920.0,48:40,1.372671138938564
2930.0,48:50,1.303210469292975
2940.0,49:00,1.6166671012355707
2950.0,49:10,1.9099696852122237
2960.0,49:20,1.8072295368187044
2970.0,49:30,1.5223541440956405
2980.0,49:40,1.4145088528384953
2990.0,49:50,1.399656642316622
3000.0,50:00,1.10441331318944
3010.0,50:10,0.6764075814714358
3020.0,50:20,0.5368306191135437
3030.0,50:30,0.571780380621491
3040.0,50:40,0.48717987393596907
3050.0,50:50,0.46224326304579216
3060.0,51:00,0.5958353776809412
3070.0,51:10,0.6396828398590652
3080.0,51:20,0.6363695370280518
3090.0,51:30,0.6029026829546978
3100.0,51:40,0.6555963928158293
3110.0,51:50,0.6306986102776035
3120.0,52:00,0.5105394811979993
3130.0,52:10,0.47233962320337675
3140.0,52:20,0.5598870040549309
3150.0,52:30,0.5868531944725611
3160.0,52:40,0.583428653817056
3170.0,52:50,0.5276643998109548
3180.0,53:00,0.4717238722671528
3190.0,53:10,0.415605780466353
3200.0,53:20,0.42941787188167974
3210.0,53:30,0.6144411926507483
3220.0,53:40,0.6637883980508417
3230.0,53:50,0.6868784583050909
3240.0,54:00,0.6879939851364001
3250.0,54:10,0.6758625263349411
3260.0,54:20,0.5265297700366626
3270.0,54:30,0.27920788815398584
3280.0,54:40,0.20420118254314937
3290.0,54:50,0.5246840095783378
3300.0,55:00,0.6235357550390659
3310.0,55:10,0.8922425340173566
3320.0,55:20,1.4388995803473923
3330.0,55:30,1.7053885971157405
3340.0,55:40,1.8606826548918205
3350.0,55:50,1.6212847848710414
3360.0,56:00,1.552033685060875
3370.0,56:10,1.270758839861716
3380.0,56:20,0.7808977095454682
3390.0,56:30,0.551624965261624
3400.0,56:40,0.46197907302586966
3410.0,56:50,0.41739766032366665
3420.0,57:00,0.4090220652139382
3430.0,57:10,0.5144304880172217
3440.0,57:20,0.8299762127557896
3450.0,57:30,0.9456111152383627
3460.0,57:40,1.015886330687836
3470.0,57:50,1.12766243227217
3480.0,58:00,1.1571731352228471
3490.0,58:10,1.0901891812790911
3500.0,58:20,0.8386534603158723
3510.0,58:30,0.747800422320861
3520.0,58:40,0.6982469826862854
3530.0,58:50,0.6253587052436869
3540.0,59:00,0.654304227558211
3550.0,59:10,0.6694068452539506
3560.0,59:20,0.5867689111968307
3570.0,59:30,0.5318291461524564
3580.0,59:40,0.40659225069321536
3590.0,59:50,0.3324088454838282
3600.0,1:00:00,0.2814113818927819
3610.0,1:00:10,0.29131314270385883
3620.0,1:00:20,0.3059577863967668
3630.0,1:00:30,0.35837960222506016
3640.0,1:00:40,0.4062669004221263
3650.0,1:00:50,0.4448625957053713
3660.0,1:01:00,0.4077399599681996
3670.0,1:01:10,0.4037311545441802
3680.0,1:01:20,0.49011815590542224
3690.0,1:01:30,0.4719442418510142
3700.0,1:01:40,0.4728074527426231
3710.0,1:01:50,0.39712068796118155
3720.0,1:02:00,0.436197105756074
3730.0,1:02:10,0.5858680841313391
3740.0,1:02:20,0.5195938819814967
3750.0,1:02:30,0.49163448550899497
3760.0,1:02:40,0.7339885169888278
3770.0,1:02:50,0.8466206191975029
3780.0,1:03:00,0.9354375697178325
3790.0,1:03:10,0.8303513481973059
3800.0,1:03:20,0.8416310298843174
3810.0,1:03:30,0.9845514340225449
3820.0,1:03:40,0.9522140696177089
3830.0,1:03:50,1.247540440151654
3840.0,1:04:00,1.2302805429358272
3850.0,1:04:10,1.262063011559585
3860.0,1:04:20,1.3087253616515762
3870.0,1:04:30,1.2668361383958409
3880.0,1:04:40,1.150708014178354
3890.0,1:04:50,0.9252821060496034
3900.0,1:05:00,0.9171261048520184
3910.0,1:05:10,0.9536406191839838
3920.0,1:05:20,0.9405305422935926
3930.0,1:05:30,0.9273699445045149
3940.0,1:05:40,1.2338642213708846
3950.0,1:05:50,1.1461398244002268
3960.0,1:06:00,1.213530041837356
3970.0,1:06:10,1.1857183529514164
3980.0,1:06:20,1.167866522907479
3990.0,1:06:30,1.1650758153241618
4000.0,1:06:40,0.7933779468949171
4010.0,1:06:50,0.7999762434280746
4020.0,1:07:00,0.8167453322477828
4030.0,1:07:10,0.9098207409382526
4040.0,1:07:20,0.9828864486208404
4050.0,1:07:30,1.1991081092745313
4060.0,1:07:40,1.4979720997051
4070.0,1:07:50,1.9260641435614252
4080.0,1:08:00,2.2737074202718532
4090.0,1:08:10,2.3861509976046054
4100.0,1:08:20,2.4165901178959883
4110.0,1:08:30,2.2148216453549554
4120.0,1:08:40,1.903626261284358
4130.0,1:08:50,1.394246685033476
4140.0,1:09:00,0.9399839540719543
4150.0,1:09:10,0.6192191609628036
4160.0,1:09:20,0.4953105839965833
4170.0,1:09:30,0.5903234348252999
4180.0,1:09:40,0.596726042961376
4190.0,1:09:50,0.6241322536804171
4200.0,1:10:00,0.6831773944033167
4210.0,1:10:10,0.979409872355375
4220.0,1:10:20,1.1818486364823433
4230.0,1:10:30,1.0784678553358535
4240.0,1:10:40,1.07531856757024
4250.0,1:10:50,1.1623853929350838
4260.0,1:11:00,1.1327951684589892
4270.0,1:11:10,0.932559183578363
4280.0,1:11:20,0.9984982912608729
4290.0,1:11:30,1.08610020972588
4300.0,1:11:40,1.1043582394255242
4310.0,1:11:50,0.9991376644370312
4320.0,1:12:00,0.8988747987849037
4330.0,1:12:10,0.8305666642001028
4340.0,1:12:20,0.5187961268071924
4350.0,1:12:30,0.37904947801509964
4360.0,1:12:40,0.3743863083621196
4370.0,1:12:50,0.6361072499261559
4380.0,1:13:00,0.7626876730484438
4390.0,1:13:10,0.7696842184094077
4400.0,1:13:20,0.7493580249736094
4410.0,1:13:30,0.7727940347386965
4420.0,1:13:40,0.7578793827277733
4430.0,1:13:50,0.6713634250870478
4440.0,1:14:00,0.6010376068464168
4450.0,1:14:10,0.6464556718963029
4460.0,1:14:20,0.6643734828127518
4470.0,1:14:30,0.6213375709384449
4480.0,1:14:40,0.6503907753002794
4490.0,1:14:50,0.4400427477706644
4500.0,1:15:00,0.3851203400224277
4510.0,1:15:10,0.2908242376670912
4520.0,1:15:20,0.5492037524013015
4530.0,1:15:30,0.786168925647088
4540.0,1:15:40,0.7933915980831178
4550.0,1:15:50,0.9134070289583236
4560.0,1:16:00,0.9435107135525389
4570.0,1:16:10,0.9510882832052532
4580.0,1:16:20,0.6864015177073376
4590.0,1:16:30,0.528636606473684
4600.0,1:16:40,0.4385776637823852
4610.0,1:16:50,0.3481506206556535
4620.0,1:17:00,0.37745297866705674
4630.0,1:17:10,0.46990964511510575
4640.0,1:17:20,0.5340292161589922
4650.0,1:17:30,0.546622100448916
4660.0,1:17:40,0.6226855293043415
4670.0,1:17:50,0.7048329230024719
4680.0,1:18:00,0.752576941055429
4690.0,1:18:10,0.7193003759814911
4700.0,1:18:20,0.6916978510951571
4710.0,1:18:30,0.7338725802869019
4720.0,1:18:40,1.1555685630185182
4730.0,1:18:50,1.543883762341655
4740.0,1:19:00,1.781410900011004
4750.0,1:19:10,2.184303525459678
4760.0,1:19:20,2.6005876083385306
4770.0,1:19:30,2.9242176043160595
4780.0,1:19:40,2.8297098416483517
4790.0,1:19:50,2.6874487204547783
4800.0,1:20:00,2.6513638395852803
4810.0,1:20:10,2.4368154314531973
4820.0,1:20:20,2.280940721029296
4830.0,1:20:30,2.237805715872608
4840.0,1:20:40,2.4456241620685084
4850.0,1:20:50,2.4984872707689494
4860.0,1:21:00,2.45549142318814
4870.0,1:21:10,2.3220724406424185
4880.0,1:21:20,2.097685308946922
4890.0,1:21:30,1.7878237115370106
4900.0,1:21:40,1.4343410943784263
4910.0,1:21:50,1.5342457261090476
4920.0,1:22:00,1.8411386516084147
4930.0,1:22:10,2.0213920080591437
4940.0,1:22:20,2.2206572561287694
4950.0,1:22:30,2.3167870177942294
4960.0,1:22:40,2.2172836383975327
4970.0,1:22:50,1.779817434211288
4980.0,1:23:00,1.297548660099912
4990.0,1:23:10,1.226187665449407
5000.0,1:23:20,0.9754893158530786
5010.0,1:23:30,0.8042095140927138
5020.0,1:23:40,0.7190235155582404
5030.0,1:23:50,0.726656242773872
5040.0,1:24:00,0.7094222375010655
5050.0,1:24:10,0.5487040167595738
5060.0,1:24:20,0.5685269637220004
5070.0,1:24:30,0.6259829909387095
5080.0,1:24:40,0.8655518570602919
5090.0,1:24:50,1.0055045521432184
5100.0,1:25:00,0.9948778011905255
5110.0,1:25:10,0.9842022496065476
5120.0,1:25:20,0.9924416417479034
5130.0,1:25:30,1.089375933821596
5140.0,1:25:40,0.9201523323963372
5150.0,1:25:50,0.8011300671843012
5160.0,1:26:00,0.8791250409226142
5170.0,1:26:10,1.2957015031303085
5180.0,1:26:20,1.3941227787544381
5190.0,1:26:30,1.2686549873233879
5200.0,1:26:40,1.1747931604666417
5210.0,1:26:50,1.1770408002096606
5220.0,1:27:00,1.172843359234079
5230.0,1:27:10,0.7360371328515104
5240.0,1:27:20,0.6727480885940239
5250.0,1:27:30,0.6480990195544798
5260.0,1:27:40,0.7532159648974734
5270.0,1:27:50,0.6960867379559225
5280.0,1:28:00,0.5540059298759165
5290.0,1:28:10,0.496275455029227
5300.0,1:28:20,0.4121556328940085
5310.0,1:28:30,0.3998156045999935
5320.0,1:28:40,0.5253234590028055
5330.0,1:28:50,0.6315570541508215
5340.0,1:29:00,0.6920425695819091
5350.0,1:29:10,0.7527453452388698
5360.0,1:29:20,0.754128433475853
5370.0,1:29:30,0.7555096762249982
5380.0,1:29:40,0.5311501613845038
5390.0,1:29:50,0.6784487502663672
5400.0,1:30:00,0.7796319548145663
5410.0,1:30:10,0.9145522829713838
5420.0,1:30:20,0.9362621614847777
5430.0,1:30:30,0.971440317529497
5440.0,1:30:40,0.9396194959839479
5450.0,1:30:50,0.8538875844697217
5460.0,1:31:00,0.8554030249495703
5470.0,1:31:10,0.8434205929717127
5480.0,1:31:20,0.8516651158686613
5490.0,1:31:30,0.8057612100307564
5500.0,1:31:40,0.8682151412764938
5510.0,1:31:50,0.788188748095987
5520.0,1:32:00,0.8303931296952828
5530.0,1:32:10,0.8181889538575902
5540.0,1:32:20,0.8332539365455385
5550.0,1:32:30,0.8073120052537045
5560.0,1:32:40,0.7195934459148701
5570.0,1:32:50,0.7070827001152334
5580.0,1:33:00,0.5844986919639834
5590.0,1:33:10,0.46149558325894013
5600.0,1:33:20,0.4484671968691807
5610.0,1:33:30,0.4906780800182569
5620.0,1:33:40,0.5745578212597199
5630.0,1:33:50,0.47842998321030217
5640.0,1:34:00,0.46532245771225145
5650.0,1:34:10,0.5773822520517957
5660.0,1:34:20,0.5434783334441183
5670.0,1:34:30,0.49550084009816187
5680.0,1:34:40,0.4613435655416083
5690.0,1:34:50,0.749125911958014
5700.0,1:35:00,0.8414702625956068
5710.0,1:35:10,0.6953046492168543
5720.0,1:35:20,0.8159738085155798
5730.0,1:35:30,0.8383769161945451
5740.0,1:35:40,1.0513529109420903
5750.0,1:35:50,0.7914908725720047
5760.0,1:36:00,0.6652992914454554
5770.0,1:36:10,0.8222505077864943
5780.0,1:36:20,0.7808927410659567
5790.0,1:36:30,1.087772831105847
5800.0,1:36:40,0.9327422201822704
5810.0,1:36:50,0.9768995459427673
5820.0,1:37:00,1.0068918889537666
5830.0,1:37:10,0.9010813534975661
5840.0,1:37:20,0.9023790825035609
5850.0,1:37:30,0.810433107358543
5860.0,1:37:40,0.9839538826079619
5870.0,1:37:50,1.014107220150053
5880.0,1:38:00,1.0875453722985076
5890.0,1:38:10,1.0674139345128928
5900.0,1:38:20,1.1627670959817555
5910.0,1:38:30,0.9401580188534878
5920.0,1:38:40,0.7169324389763746
5930.0,1:38:50,0.6671311785949944
5940.0,1:39:00,0.5227945727981195
5950.0,1:39:10,0.5307516301348238
5960.0,1:39:20,0.6843226611732538
5970.0,1:39:30,0.7362302749850442
5980.0,1:39:40,0.68607875491844
5990.0,1:39:50,0.6138662560214598
6000.0,1:40:00,0.7024388991252969
6010.0,1:40:10,0.8058742689748781
6020.0,1:40:20,0.6088136314864006
6030.0,1:40:30,0.6462714289522031
6040.0,1:40:40,0.6911629260462508
6050.0,1:40:50,0.7140668128226363
6060.0,1:41:00,0.6633127505350866
6070.0,1:41:10,0.5829157449992189
6080.0,1:41:20,0.49493759487465855
6090.0,1:41:30,0.6434071414763516
6100.0,1:41:40,0.7107597544999529
6110.0,1:41:50,0.770839292435999
6120.0,1:42:00,0.8458788253473969
6130.0,1:42:10,0.8765000506615339
6140.0,1:42:20,1.0484542296820483
6150.0,1:42:30,1.1165438593134616
6160.0,1:42:40,1.2741732818469893
6170.0,1:42:50,1.3798936266489341
6180.0,1:43:00,1.5679357553704083
6190.0,1:43:10,1.666642546101179
6200.0,1:43:20,1.4887192503670226
6210.0,1:43:30,1.415262841689199
6220.0,1:43:40,1.3941105501724262
6230.0,1:43:50,1.3053766389110018
6240.0,1:44:00,1.051260248648487
6250.0,1:44:10,0.9469817813455259
6260.0,1:44:20,0.9177258943278008
6270.0,1:44:30,0.6775961006009702
6280.0,1:44:40,0.6480301063757696
6290.0,1:44:50,0.7541506973762768
6300.0,1:45:00,1.2151739013421696
6310.0,1:45:10,1.4352037059938263
6320.0,1:45:20,1.9730621429267081
6330.0,1:45:30,2.292324365037223
6340.0,1:45:40,2.256190262644869
6350.0,1:45:50,2.121467022701143
6360.0,1:46:00,1.6453167628242613
6370.0,1:46:10,1.3657352541008432
6380.0,1:46:20,0.8427793130493149
6390.0,1:46:30,0.501446146551915
6400.0,1:46:40,0.4181432436463128
6410.0,1:46:50,0.40319283723257027
6420.0,1:47:00,0.4415012575695815
6430.0,1:47:10,0.44176507904862505
6440.0,1:47:20,0.6249266709282638
6450.0,1:47:30,0.8159116651278581
6460.0,1:47:40,0.8545034873254971
6470.0,1:47:50,1.007623883510655
6480.0,1:48:00,1.2448959145239178
6490.0,1:48:10,1.5129469906568804
6500.0,1:48:20,1.4066354432338712
6510.0,1:48:30,1.3613852261518073
6520.0,1:48:40,1.2395538219542326
6530.0,1:48:50,1.1864881926493862
6540.0,1:49:00,1.0720945087474265
6550.0,1:49:10,1.0801632252185505
6560.0,1:49:20,1.3717672520979158
6570.0,1:49:30,1.563891214302245
6580.0,1:49:40,1.8097940541309088
6590.0,1:49:50,1.7489788345279902
6600.0,1:50:00,1.7034404962635141
6610.0,1:50:10,1.5503913809819314
6620.0,1:50:20,1.189951652910914
6630.0,1:50:30,0.9061057612948867
6640.0,1:50:40,0.6605203305035076
6650.0,1:50:50,0.5915083363898485
6660.0,1:51:00,0.4840437510818756
6670.0,1:51:10,0.40727274245719614
6680.0,1:51:20,0.5533486162288433
6690.0,1:51:30,0.5918413835947844
6700.0,1:51:40,0.7302605916208612
6710.0,1:51:50,0.7841252463416493
6720.0,1:52:00,0.8456687354160567
6730.0,1:52:10,0.8841359338565421
6740.0,1:52:20,0.7765106983136157
6750.0,1:52:30,0.945643138028045
6760.0,1:52:40,0.9148637420489723
6770.0,1:52:50,1.1531323899517358
6780.0,1:53:00,1.1453646525617607
6790.0,1:53:10,1.076084185895626
6800.0,1:53:20,1.0144810351655749
6810.0,1:53:30,0.7914984516397778
6820.0,1:53:40,0.6838120094120702
6830.0,1:53:50,0.4301893150737343
6840.0,1:54:00,0.3609817972701218
6850.0,1:54:10,0.3916196062977131
6860.0,1:54:20,0.6986077138436301
6870.0,1:54:30,1.059155460933155
6880.0,1:54:40,1.3427593741882258
6890.0,1:54:50,1.6261716511199316
6900.0,1:55:00,1.9630515687131787
6910.0,1:55:10,2.0543695638536126
6920.0,1:55:20,1.8007543457264557
6930.0,1:55:30,2.221356251200614
6940.0,1:55:40,2.411876878958245
6950.0,1:55:50,2.3955432719836396
6960.0,1:56:00,2.4021225097631875
6970.0,1:56:10,2.9056655634666257
6980.0,1:56:20,3.1488100044215788
6990.0,1:56:30,2.4062329797322164
7000.0,1:56:40,1.9926735827546054
7010.0,1:56:50,1.8465887962522496
7020.0,1:57:00,1.6777502440060825
7030.0,1:57:10,1.1356154946766126
7040.0,1:57:20,0.8683221961199121
7050.0,1:57:30,0.8753777193638503
7060.0,1:57:40,0.8367630712315438
7070.0,1:57:50,0.8513939877785879
7080.0,1:58:00,0.7520401740424736
7090.0,1:58:10,0.6604028428372555
7100.0,1:58:20,0.6295672737112913
7110.0,1:58:30,0.6215023889697113
7120.0,1:58:40,0.6588758971108386
7130.0,1:58:50,0.5751006935347613
7140.0,1:59:00,0.589741024434916
7150.0,1:59:10,0.60434323337347
7160.0,1:59:20,0.6113587496410804
7170.0,1:59:30,0.6183479063857226
7180.0,1:59:40,0.557505530936935
7190.0,1:59:50,0.5645047865647411
7200.0,2:00:00,0.5714777772306937
7210.0,2:00:10,0.6009600659013684
7220.0,2:00:20,0.7429356116180715
7230.0,2:00:30,0.7121810669477534
7240.0,2:00:40,0.7938053180105454
7250.0,2:00:50,1.0323311445888042
7260.0,2:01:00,0.9938340578069178
7270.0,2:01:10,0.9777916193850202
7280.0,2:01:20,0.8872075918331928
7290.0,2:01:30,1.1914944960033496
7300.0,2:01:40,1.2049564306265375
7310.0,2:01:50,0.9806296918603441
7320.0,2:02:00,1.0981410201923947
7330.0,2:02:10,1.1634610886426182
7340.0,2:02:20,1.124973099385675
7350.0,2:02:30,0.8722027097028
7360.0,2:02:40,0.8267626830502655
7370.0,2:02:50,0.9583500472628522
7380.0,2:03:00,0.9938552172441387
7390.0,2:03:10,1.0439430559437164
7400.0,2:03:20,1.071842614170896
7410.0,2:03:30,1.2242635855923247
7420.0,2:03:40,1.3542570269100738
7430.0,2:03:50,1.286481574172632
7440.0,2:04:00,1.145889466104774
7450.0,2:04:10,1.0202672262285912
7460.0,2:04:20,1.1132964549360533
7470.0,2:04:30,1.0243837673869225
7480.0,2:04:40,0.9937543073858474
7490.0,2:04:50,0.9125036341566856
7500.0,2:05:00,0.8676441467930093
7510.0,2:05:10,0.8517840347959926
7520.0,2:05:20,0.7566841817159734
7530.0,2:05:30,0.6978558968513795
7540.0,2:05:40,0.6032992443803723
7550.0,2:05:50,0.5233915034237222
7560.0,2:06:00,0.5439494856118854
7570.0,2:06:10,0.750181460025524
7580.0,2:06:20,0.9057403186185241
7590.0,2:06:30,1.046480624795301
7600.0,2:06:40,1.0374604274744652
7610.0,2:06:50,1.127746816713073
7620.0,2:07:00,1.3167830579927686
7630.0,2:07:10,1.2294995084307414
7640.0,2:07:20,1.0790446558441804
7650.0,2:07:30,0.9009857265571983
7660.0,2:07:40,0.8359993921054408
7670.0,2:07:50,0.708145607876084
7680.0,2:08:00,0.44783137731093287
7690.0,2:08:10,0.3561469787317201
7700.0,2:08:20,0.334515378789985
7710.0,2:08:30,0.29905448428472026
7720.0,2:08:40,0.35395685831016865
7730.0,2:08:50,0.3809188356335289
7740.0,2:09:00,0.4077582114663327
7750.0,2:09:10,0.3586132792983104
7760.0,2:09:20,0.3234332076097337
7770.0,2:09:30,0.35706333694117315
7780.0,2:09:40,0.34942882720309415
7790.0,2:09:50,0.3965105010613717
7800.0,2:10:00,0.45701577301518503
7810.0,2:10:10,0.6193256127763668
7820.0,2:10:20,0.8216292508202919
7830.0,2:10:30,0.8061985318587008
7840.0,2:10:40,0.8516512514036947
7850.0,2:10:50,0.8698990875971919
7860.0,2:11:00,1.049502410744629
7870.0,2:11:10,0.9664798513616301
7880.0,2:11:20,0.8704362431385265
7890.0,2:11:30,0.9484995472261217
7900.0,2:11:40,0.9861831463348266
7910.0,2:11:50,0.943894007176972
7920.0,2:12:00,0.8155883331902566
7930.0,2:12:10,0.7804964540503007
7940.0,2:12:20,0.6993746570318786
7950.0,2:12:30,0.7634299937585546
7960.0,2:12:40,0.840273270058096
7970.0,2:12:50,0.8708708536094435
7980.0,2:13:00,0.9078219495384428
7990.0,2:13:10,0.9641034291116359
8000.0,2:13:20,1.0460588857787723
8010.0,2:13:30,0.9525949831577801
8020.0,2:13:40,0.7949671098690436
8030.0,2:13:50,0.850870592298112
8040.0,2:14:00,0.822882009026638
8050.0,2:14:10,0.8078461933832283
8060.0,2:14:20,0.8248423615693828
8070.0,2:14:30,0.7970893035489467
8080.0,2:14:40,0.9856824966069784
8090.0,2:14:50,1.363467798713445
8100.0,2:15:00,1.5810305405176635
8110.0,2:15:10,1.8036526282143466
8120.0,2:15:20,2.157051115196279
8130.0,2:15:30,2.445700402400835
8140.0,2:15:40,2.4887826904932786
8150.0,2:15:50,2.1324960768211643
8160.0,2:16:00,1.9087618979112304
8170.0,2:16:10,1.7234650788961636
8180.0,2:16:20,1.5515609260134031
8190.0,2:16:30,1.2326951423249688
8200.0,2:16:40,0.9709716616668571
8210.0,2:16:50,0.876198557714511
8220.0,2:17:00,0.8247277157008397
8230.0,2:17:10,0.6943610325686972
8240.0,2:17:20,0.37650368965283515
8250.0,2:17:30,0.35115271950821175
8260.0,2:17:40,0.33801817296198783
8270.0,2:17:50,0.39716728784933986
8280.0,2:18:00,0.44394824955834655
8290.0,2:18:10,0.5741648230185271
8300.0,2:18:20,0.7035674694856198
8310.0,2:18:30,0.8380983291802804
8320.0,2:18:40,0.9302965367684727
8330.0,2:18:50,0.9628287834162729
8340.0,2:19:00,1.1187901580395894
8350.0,2:19:10,1.1563485324358096
8360.0,2:19:20,1.0532136693451222
8370.0,2:19:30,0.9390426639895679
8380.0,2:19:40,0.8488321692500073
8390.0,2:19:50,0.8171310652264783
8400.0,2:20:00,0.9415816895976109
8410.0,2:20:10,0.9788391190951566
8420.0,2:20:20,1.1478328276116092
8430.0,2:20:30,1.4301092163713436
8440.0,2:20:40,1.5565631515752927
8450.0,2:20:50,1.4946143462350563
8460.0,2:21:00,1.200806433001876
8470.0,2:21:10,1.0274643808138204
8480.0,2:21:20,0.9340201832481319
8490.0,2:21:30,0.7907053249007112
8500.0,2:21:40,0.6539182089016906
8510.0,2:21:50,0.601586430159106
8520.0,2:22:00,0.5384897659610701
8530.0,2:22:10,0.6141223840659001
8540.0,2:22:20,0.5734378425762221
8550.0,2:22:30,0.6209367971564191
8560.0,2:22:40,0.8323834071230366
8570.0,2:22:50,0.9386725618206784
8580.0,2:23:00,0.95175375787945
8590.0,2:23:10,1.0514393581068082
8600.0,2:23:20,1.1342084111708677
8610.0,2:23:30,1.0387645391941156
8620.0,2:23:40,0.8742363588779127
8630.0,2:23:50,0.8497968201324573
8640.0,2:24:00,0.8521381091659995
8650.0,2:24:10,0.7005373951614815
8660.0,2:24:20,0.5764301412912484
8670.0,2:24:30,0.46899524003859333
8680.0,2:24:40,0.4463248811350785
8690.0,2:24:50,0.39241240328337496
8700.0,2:25:00,0.5578406056897274
8710.0,2:25:10,0.7168791603094234
8720.0,2:25:20,0.9006422719537043
8730.0,2:25:30,0.99538783669484
8740.0,2:25:40,1.0997057973311255
8750.0,2:25:50,1.3261298501558683
8760.0,2:26:00,1.2447883909196096
8770.0,2:26:10,1.0775982981683707
8780.0,2:26:20,0.9521166946861669
8790.0,2:26:30,0.9183559027499439
8800.0,2:26:40,0.9552050076040967
8810.0,2:26:50,0.821459755652631
8820.0,2:27:00,1.0180478902927041
8830.0,2:27:10,1.088864756014127
8840.0,2:27:20,1.1244591980241199
8850.0,2:27:30,1.223922222321956
8860.0,2:27:40,1.2882022326048899
8870.0,2:27:50,1.3617724215672287
8880.0,2:28:00,1.1321946957074485
8890.0,2:28:10,1.1376766227656112
8900.0,2:28:20,1.0801254093679988
8910.0,2:28:30,1.109839146214689
8920.0,2:28:40,0.9374028763180917
8930.0,2:28:50,0.7997683910133684
8940.0,2:29:00,0.8301370102866124
8950.0,2:29:10,1.0978979757949086
8960.0,2:29:20,1.1647463081970995
8970.0,2:29:30,0.9952260126935794
8980.0,2:29:40,0.9256469126781208
8990.0,2:29:50,0.875301122882362
9000.0,2:30:00,0.7460527450440919
9010.0,2:30:10,0.36230538391127304
9020.0,2:30:20,0.2544898788631829
9030.0,2:30:30,0.32725844393664755
9040.0,2:30:40,0.3856857315601985
9050.0,2:30:50,0.5168346612953488
9060.0,2:31:00,0.6788526641969697
9070.0,2:31:10,0.9439866919592593
9080.0,2:31:20,1.107590311161031
9090.0,2:31:30,1.1032830929034139
9100.0,2:31:40,1.166270710816731
9110.0,2:31:50,1.1617211030686183
9120.0,2:32:00,1.0770697085395324
9130.0,2:32:10,0.8378911637467158
9140.0,2:32:20,0.6712189946302614
9150.0,2:32:30,0.7433609108260749
9160.0,2:32:40,0.9770297869286525
9170.0,2:32:50,0.9557285943433618
9180.0,2:33:00,0.8737188023361598
9190.0,2:33:10,0.9308868961185565
9200.0,2:33:20,0.9444590117927766
9210.0,2:33:30,0.7560142098386653
9220.0,2:33:40,0.6075495589673195
9230.0,2:33:50,0.9844173088841358
9240.0,2:34:00,1.3030989350095772
9250.0,2:34:10,1.492393559348627
9260.0,2:34:20,1.6085686458074784
9270.0,2:34:30,2.2228883322532638
9280.0,2:34:40,2.4897261286270482
9290.0,2:34:50,2.259262651783665
9300.0,2:35:00,2.0513120857460705
9310.0,2:35:10,1.791323489662338
