time_seconds,time_hms,normalized_frequency,clipped_any,clipped_HololiveEN Gura's 10th so
30.0,0:30,0.784955640658218,0,0
40.0,0:40,0.8285799150526312,0,0
50.0,0:50,0.8492320861717515,0,0
60.0,1:00,0.8469301045343054,0,0
70.0,1:10,0.8508886060121461,0,0
80.0,1:20,0.8611029120125073,0,0
90.0,1:30,0.902582299746192,0,0
100.0,1:40,0.8981968771709683,0,0
110.0,1:50,0.900066945127786,0,0
120.0,2:00,0.9352670592695412,0,0
130.0,2:10,0.9246384133100466,0,0
140.0,2:20,0.9265099029143642,0,0
150.0,2:30,0.8680177918541332,0,0
160.0,2:40,0.8470146449854674,0,0
170.0,2:50,0.8613947214007348,0,0
180.0,3:00,0.8362472173108316,0,0
190.0,3:10,0.875586193375151,0,0
200.0,3:20,0.8151029358527393,0,0
210.0,3:30,0.8128569629506356,0,0
220.0,3:40,0.8812834394275363,0,0
230.0,3:50,0.8831865686610277,0,0
240.0,4:00,1.0845490328479794,0,0
250.0,4:10,1.4457875361170198,0,0
260.0,4:20,1.7134329558617472,0,0
270.0,4:30,1.821092765884441,0,0
280.0,4:40,1.8581304233151377,0,0
290.0,4:50,1.992720761095303,0,0
300.0,5:00,1.9135047917820875,0,0
310.0,5:10,1.5811693536339195,0,0
320.0,5:20,1.4418974201792534,0,0
330.0,5:30,1.431285099681693,0,0
340.0,5:40,1.3792009765396598,0,0
350.0,5:50,1.2732230186066282,0,0
360.0,6:00,1.1900892919287611,0,0
370.0,6:10,1.1691753354406105,0,0
380.0,6:20,1.1005994353126745,0,0
390.0,6:30,1.052771293738029,0,0
400.0,6:40,1.036041648856168,0,0
410.0,6:50,1.0317506891483004,0,0
420.0,7:00,0.9963915581826132,0,0
430.0,7:10,0.9734724805770236,0,0
440.0,7:20,0.9422787380730402,0,0
450.0,7:30,0.9380147850973632,0,0
460.0,7:40,0.9337547406745692,0,0
470.0,7:50,0.9067268790003128,0,0
480.0,8:00,0.9500850168893362,0,0
490.0,8:10,0.9354852004853024,0,0
500.0,8:20,0.9560716935028444,0,0
510.0,8:30,0.9249266602984888,0,0
520.0,8:40,0.9268946325253976,0,0
530.0,8:50,0.9205899466680044,0,0
540.0,9:00,0.8853298988223043,0,0
550.0,9:10,0.9059242733137884,0,0
560.0,9:20,0.8996316816801334,0,0
570.0,9:30,0.8995466931272773,0,0
580.0,9:40,0.8870579345227269,0,0
590.0,9:50,0.8683713497835724,0,0
600.0,10:00,0.862094780439384,0,0
610.0,10:10,0.8475529511745932,0,0
620.0,10:20,0.8454181546203091,0,0
630.0,10:30,0.9342287456639872,0,0
640.0,10:40,1.012694961917507,0,0
650.0,10:50,1.0704868883636007,0,0
660.0,11:00,1.099343694840318,0,0
670.0,11:10,1.0352162657382986,0,0
680.0,11:20,1.2293712886557977,0,0
690.0,11:30,1.264420399537727,0,0
700.0,11:40,1.2395570577765314,0,0
710.0,11:50,1.1919760006585964,0,0
720.0,12:00,1.1960460763409584,0,0
730.0,12:10,1.270349821567173,0,0
740.0,12:20,1.0947228148937656,0,0
750.0,12:30,0.995535234631334,0,0
760.0,12:40,0.945926914926632,0,0
770.0,12:50,0.962413565756283,0,0
780.0,13:00,0.9541193707523288,0,0
790.0,13:10,0.9313724734079124,0,0
800.0,13:20,0.9396055415168908,0,0
810.0,13:30,0.949905747315592,0,0
820.0,13:40,1.0015073121794074,0,0
830.0,13:50,1.1893940453001557,0,0
840.0,14:00,1.1935021087435411,0,0
850.0,14:10,1.1852241790229576,0,0
860.0,14:20,1.11913462854452,0,0
870.0,14:30,1.0716328513941271,0,0
880.0,14:40,1.0261995880404224,0,0
890.0,14:50,0.8610125045438678,0,0
900.0,15:00,0.8403630269949399,0,0
910.0,15:10,0.8651408886174523,0,0
920.0,15:20,0.9477350662365884,0,0
930.0,15:30,1.0117493906008426,0,0
940.0,15:40,1.003498905352915,0,0
950.0,15:50,0.9622135428052134,0,0
960.0,16:00,0.9126702238425596,0,0
970.0,16:10,0.8941012851461013,0,0
980.0,16:20,0.8714041573019066,0,0
990.0,16:30,0.8342534974927786,0,0
1000.0,16:40,0.8631844035930711,0,0
1010.0,16:50,0.819840892375482,0,0
1020.0,17:00,0.8054091798980895,0,0
1030.0,17:10,0.8550004375128586,0,0
1040.0,17:20,0.8405732376403618,0,0
1050.0,17:30,0.8715852607573005,0,0
1060.0,17:40,0.8489002188161887,0,0
1070.0,17:50,0.9067714936759848,0,0
1080.0,18:00,0.952256384914964,0,0
1090.0,18:10,0.9605647874012698,0,0
1100.0,18:20,0.9895348020809543,0,0
1110.0,18:30,0.940004457048866,0,0
1120.0,18:40,0.9545189430894376,0,0
1130.0,18:50,0.9070521497323284,0,0
1140.0,19:00,0.9236374173008948,0,0
1150.0,19:10,0.892699096683661,0,0
1160.0,19:20,0.8844912952989886,0,0
1170.0,19:30,0.8576842321679462,0,0
1180.0,19:40,0.8267418882925088,0,0
1190.0,19:50,0.880544393100448,0,0
1200.0,20:00,0.9095511356147422,0,0
1210.0,20:10,0.8951508033963305,0,0
1220.0,20:20,0.89935780417242,0,0
1230.0,20:30,0.9738681710172448,0,0
1240.0,20:40,0.976019170637449,0,0
1250.0,20:50,0.9430166139138418,0,0
1260.0,21:00,0.8624417525031314,0,0
1270.0,21:10,0.8252905899093341,0,0
1280.0,21:20,0.8046832058834793,0,0
1290.0,21:30,0.7799362064584936,0,0
1300.0,21:40,0.8110492893566122,0,0
1310.0,21:50,0.8442398444761787,0,0
1320.0,22:00,0.8733004475572519,0,0
1330.0,22:10,0.9727375601786268,0,0
1340.0,22:20,0.9873334390465708,0,0
1350.0,22:30,1.0143555904326167,0,0
1360.0,22:40,0.993768216622006,0,0
1370.0,22:50,0.9897431753356338,0,0
1380.0,23:00,1.010569596083548,0,0
1390.0,23:10,0.9527019511745488,0,0
1400.0,23:20,0.9383206404866052,0,0
1410.0,23:30,0.9197947102310986,0,0
1420.0,23:40,0.9282005976714238,0,0
1430.0,23:50,0.9034564673145296,0,0
1440.0,24:00,0.9243012277413146,0,0
1450.0,24:10,1.0011167920430848,0,0
1460.0,24:20,1.0157659520563336,0,0
1470.0,24:30,1.0117619883739624,0,0
1480.0,24:40,1.0264214247517085,0,0
1490.0,24:50,1.0514568289829922,0,0
1500.0,25:00,1.0433149979906495,1,1
1510.0,25:10,0.9397463457336082,1,1
1520.0,25:20,0.8776448036108613,0,0
1530.0,25:30,0.7947749334831699,0,0
1540.0,25:40,0.7409374803827617,0,0
1550.0,25:50,0.6974636450971676,0,0
1560.0,26:00,0.6207595682967352,0,0
1570.0,26:10,0.6146315726775168,0,0
1580.0,26:20,0.6500389706489464,0,0
1590.0,26:30,0.7249254790954321,0,0
1600.0,26:40,0.7333587871753863,0,0
1610.0,26:50,0.7189401284896789,0,0
1620.0,27:00,0.762708336556569,0,0
1630.0,27:10,0.7649217671871139,0,0
1640.0,27:20,0.7588218084223626,0,0
1650.0,27:30,0.7152931804951896,0,0
1660.0,27:40,0.7840552302469,0,0
1670.0,27:50,0.8299631777391115,0,0
1680.0,28:00,0.8051531083233883,0,0
1690.0,28:10,0.8448431288376081,0,0
1700.0,28:20,0.8616559064226899,0,0
1710.0,28:30,0.8847221347672561,0,0
1720.0,28:40,0.8286791586852934,0,0
1730.0,28:50,0.7746983126107472,0,0
1740.0,29:00,0.7831857603754168,0,0
1750.0,29:10,0.731260746072497,0,0
1760.0,29:20,0.6939026119133229,0,0
1770.0,29:30,0.7732470589171068,0,0
1780.0,29:40,0.800509706266123,0,0
1790.0,29:50,0.848636539759781,0,0
1800.0,30:00,0.8717590553727453,0,0
1810.0,30:10,0.8531733590362128,0,0
1820.0,30:20,0.9639414777505536,0,0
1830.0,30:30,0.951632290269058,0,0
1840.0,30:40,0.9643681420483688,0,0
1850.0,30:50,1.0627133326167826,0,0
1860.0,31:00,1.0880139164671905,0,0
1870.0,31:10,1.130038611047436,0,0
1880.0,31:20,0.969424958209222,0,0
1890.0,31:30,0.8944191499876134,0,0
1900.0,31:40,0.8988097666589754,0,0
1910.0,31:50,0.8383910007357156,0,0
1920.0,32:00,0.8657776749902346,0,0
1930.0,32:10,0.9559318774135992,0,0
1940.0,32:20,1.090069186819832,0,0
1950.0,32:30,1.1384703573479182,0,0
1960.0,32:40,1.1994573933378136,0,0
1970.0,32:50,1.2751338040351887,0,0
1980.0,33:00,1.3424732566124402,0,0
1990.0,33:10,1.3344339248582284,0,0
2000.0,33:20,1.3850645362957508,0,0
2010.0,33:30,1.4315319286686472,0,0
2020.0,33:40,1.4235173650286557,0,0
2030.0,33:50,1.3966280377766986,0,0
2040.0,34:00,1.3613369302891871,0,0
2050.0,34:10,1.3428149668480065,0,0
2060.0,34:20,1.2739166838649034,0,0
2070.0,34:30,1.2658628207024616,0,0
2080.0,34:40,1.157014468587907,0,0
2090.0,34:50,1.0544102646203537,0,0
2100.0,35:00,0.9874687003320066,0,0
2110.0,35:10,0.9183904187045082,0,0
2120.0,35:20,0.9081360827700172,0,0
2130.0,35:30,0.9125970089922486,0,0
2140.0,35:40,0.9612325854393948,0,0
2150.0,35:50,0.9362592321750028,0,0
2160.0,36:00,0.9365280135276092,0,0
2170.0,36:10,0.9957433193644368,0,0
2180.0,36:20,1.0213023600156066,0,0
2190.0,36:30,0.9878991478858248,0,0
2200.0,36:40,1.01136753675666,0,0
2210.0,36:50,1.110726724870149,0,0
2220.0,37:00,1.1848478477597533,0,0
2230.0,37:10,1.1598970552131735,0,0
2240.0,37:20,1.077975691993159,1,1
2250.0,37:30,1.0023371096667248,1,1
2260.0,37:40,0.8823267229336593,1,1
2270.0,37:50,0.8340344972556574,0,0
2280.0,38:00,0.7392469555906102,0,0
2290.0,38:10,0.7035599791065608,0,0
2300.0,38:20,0.68053265363837,1,1
2310.0,38:30,0.6807473804321537,1,1
2320.0,38:40,0.7401776489827407,0,0
2330.0,38:50,0.7298365940849328,0,0
2340.0,39:00,0.7427678109726995,1,1
2350.0,39:10,0.7768769543526054,1,1
2360.0,39:20,0.8470073469292263,0,0
2370.0,39:30,0.8790571040787538,0,0
2380.0,39:40,0.8687512537755473,0,0
2390.0,39:50,0.8732773353920473,0,0
2400.0,40:00,0.8332814134024867,0,0
2410.0,40:10,0.780534167900477,0,0
2420.0,40:20,0.8423262691365921,0,0
2430.0,40:30,0.8277533798595921,0,0
2440.0,40:40,0.8620047998621593,0,0
2450.0,40:50,0.9430065091721698,0,0
2460.0,41:00,1.0516851991610383,0,0
2470.0,41:10,1.1413122056135228,0,0
2480.0,41:20,1.069420592262892,0,0
2490.0,41:30,1.1229634652118794,0,0
2500.0,41:40,1.0574016992382878,0,0
2510.0,41:50,1.0705433851736197,0,0
2520.0,42:00,1.0773088689055954,0,0
2530.0,42:10,1.2140002097547824,0,0
2540.0,42:20,1.3273544035936886,0,0
2550.0,42:30,1.321436298143879,0,0
2560.0,42:40,1.4135934209524406,0,0
2570.0,42:50,1.3586500556835197,0,0
2580.0,43:00,1.3164709484349135,0,0
2590.0,43:10,1.1675409503135334,0,0
2600.0,43:20,1.1039127754136155,0,0
2610.0,43:30,1.1000479206128146,0,0
2620.0,43:40,1.07267704698401,0,0
2630.0,43:50,1.0559755156073098,0,0
2640.0,44:00,1.0499551601315036,0,0
2650.0,44:10,1.0097046319988618,0,0
2660.0,44:20,0.9523052479858256,0,0
2670.0,44:30,0.9077088393196328,0,0
2680.0,44:40,0.882354668430883,0,0
2690.0,44:50,0.7884238880659624,0,0
2700.0,45:00,0.6901357560907003,0,0
2710.0,45:10,0.6453756416517449,0,0
2720.0,45:20,0.6349008603066502,0,0
2730.0,45:30,0.590086582199977,0,0
2740.0,45:40,0.5237721732631574,0,0
2750.0,45:50,0.5433045880708518,0,0
2760.0,46:00,0.5993741583556917,0,0
2770.0,46:10,0.6189534113469324,0,0
2780.0,46:20,0.6428490738746879,0,0
2790.0,46:30,0.7377428557435466,0,0
2800.0,46:40,0.8951132299136113,0,0
2810.0,46:50,0.9535924792378974,0,0
2820.0,47:00,1.0035063926124843,0,0
2830.0,47:10,1.0620793613906907,0,0
2840.0,47:20,1.0689766921217356,0,0
2850.0,47:30,1.0370718077006136,0,0
2860.0,47:40,1.1216179965993445,0,0
2870.0,47:50,1.2688126607124828,0,0
2880.0,48:00,1.254225245921073,0,0
2890.0,48:10,1.2936182408867896,0,0
2900.0,48:20,1.3157615021530924,0,0
2910.0,48:30,1.3876379039475164,0,0
2920.0,48:40,1.2260441114613556,0,0
2930.0,48:50,1.0967649720980144,0,0
2940.0,49:00,1.0842428732668168,0,0
2950.0,49:10,1.043565676991827,0,0
2960.0,49:20,0.9920253777764758,0,0
2970.0,49:30,0.9166063953519882,0,0
2980.0,49:40,0.9733627482605554,0,0
2990.0,49:50,0.95209309592803,0,0
3000.0,50:00,0.9503337873288236,0,0
3010.0,50:10,0.9073318401093048,0,0
3020.0,50:20,0.9967609357027668,0,0
3030.0,50:30,1.03630071561454,0,0
3040.0,50:40,0.988936827945496,0,0
3050.0,50:50,0.9958937413978558,0,0
3060.0,51:00,1.055067559011265,0,0
3070.0,51:10,1.2078782254919145,0,0
3080.0,51:20,1.1692213117570602,0,0
3090.0,51:30,1.1588493053066098,0,0
3100.0,51:40,1.2029509811045438,0,0
3110.0,51:50,1.2645353944453828,0,0
3120.0,52:00,1.2541965580552443,0,0
3130.0,52:10,1.1260115447260155,0,0
3140.0,52:20,1.122153473342685,0,0
3150.0,52:30,1.0986357698873237,0,0
3160.0,52:40,1.0379503535858818,0,0
3170.0,52:50,0.9859555676421392,0,0
3180.0,53:00,0.9667217902252028,0,0
3190.0,53:10,0.9781057276621232,0,0
3200.0,53:20,1.0464194841093266,0,0
3210.0,53:30,1.1082268776797632,0,0
3220.0,53:40,1.12626896962509,0,0
3230.0,53:50,1.1048694579156122,0,0
3240.0,54:00,1.0505530056302446,0,0
3250.0,54:10,1.013741079273318,0,0
3260.0,54:20,0.9285999123269252,0,0
3270.0,54:30,0.8829134033804865,0,0
3280.0,54:40,0.9294730294157896,0,0
3290.0,54:50,0.9848710852036868,1,1
3300.0,55:00,1.0403226157718537,1,1
3310.0,55:10,1.1706434309721756,0,0
3320.0,55:20,1.338515033479747,0,0
3330.0,55:30,1.409635707483533,0,0
3340.0,55:40,1.4213284371998982,0,0
3350.0,55:50,1.441852573138783,0,0
3360.0,56:00,1.4182834085538534,0,0
3370.0,56:10,1.3373164150315795,0,0
3380.0,56:20,1.165750294561025,0,0
3390.0,56:30,1.0448245486623216,0,0
3400.0,56:40,0.9480924515344596,0,0
3410.0,56:50,0.8136786780856023,0,0
3420.0,57:00,0.7676210238798624,0,0
3430.0,57:10,0.7082395568623726,0,0
3440.0,57:20,0.719659264995267,0,0
3450.0,57:30,0.7399526447775296,0,0
3460.0,57:40,0.7469676604344593,0,0
3470.0,57:50,0.8803946215198578,0,0
3480.0,58:00,0.9717991021113812,0,0
3490.0,58:10,1.078834167998297,0,0
3500.0,58:20,1.1193490349504318,0,0
3510.0,58:30,1.1487952511642678,0,0
3520.0,58:40,1.262751939000587,0,0
3530.0,58:50,1.2211252010548543,0,0
3540.0,59:00,1.1683307664571811,0,0
3550.0,59:10,1.0665008362454522,0,0
3560.0,59:20,0.9667965842619438,0,0
3570.0,59:30,0.898194986234811,0,0
3580.0,59:40,0.7626273880940029,0,0
3590.0,59:50,0.7117020111439509,0,0
3600.0,1:00:00,0.7098332719893037,0,0
3610.0,1:00:10,0.7012632884975968,0,0
3620.0,1:00:20,0.6993885470121487,0,0
3630.0,1:00:30,0.7176330477967485,0,0
3640.0,1:00:40,0.7023454271013119,0,0
3650.0,1:00:50,0.646760009093182,0,0
3660.0,1:01:00,0.6000739906968652,0,0
3670.0,1:01:10,0.6519108035255842,0,0
3680.0,1:01:20,0.6813879306874537,0,0
3690.0,1:01:30,0.746777512580784,0,0
3700.0,1:01:40,0.8256983956935398,0,0
3710.0,1:01:50,0.9540906772433102,0,0
3720.0,1:02:00,1.0736338421634524,0,0
3730.0,1:02:10,1.0741977473100803,0,0
3740.0,1:02:20,1.0927507751506027,0,0
3750.0,1:02:30,1.0955767177183868,0,0
3760.0,1:02:40,1.2086973264816605,0,0
3770.0,1:02:50,1.261133918115455,1,1
3780.0,1:03:00,1.3271464066247942,1,1
3790.0,1:03:10,1.431555148363031,1,1
3800.0,1:03:20,1.5496098386706636,1,1
3810.0,1:03:30,1.6113710632936804,1,1
3820.0,1:03:40,1.5377177550001175,1,1
3830.0,1:03:50,1.479801388674968,0,0
3840.0,1:04:00,1.4941584187135917,0,0
3850.0,1:04:10,1.474606956890585,1,1
3860.0,1:04:20,1.3984633567323872,1,1
3870.0,1:04:30,1.3629925295710803,0,0
3880.0,1:04:40,1.3659949587135982,0,0
3890.0,1:04:50,1.3644684724108778,0,0
3900.0,1:05:00,1.231409500578471,0,0
3910.0,1:05:10,1.127704048472539,0,0
3920.0,1:05:20,1.091994193637987,0,0
3930.0,1:05:30,1.0744180956917422,0,0
3940.0,1:05:40,1.0590962421268868,0,0
3950.0,1:05:50,1.030114410722726,0,0
3960.0,1:06:00,1.037505158075283,0,0
3970.0,1:06:10,1.076775416705687,0,0
3980.0,1:06:20,1.1229227615467166,0,0
3990.0,1:06:30,1.10530995553157,0,0
4000.0,1:06:40,1.1788883165561088,0,0
4010.0,1:06:50,1.2662378126191192,0,0
4020.0,1:07:00,1.3582503645877548,0,0
4030.0,1:07:10,1.40696903003649,0,0
4040.0,1:07:20,1.359759625717112,0,0
4050.0,1:07:30,1.35823012254118,0,0
4060.0,1:07:40,1.3315332572005258,0,0
4070.0,1:07:50,1.272759439049388,0,0
4080.0,1:08:00,1.1566602020443837,0,0
4090.0,1:08:10,1.148141449128418,0,0
4100.0,1:08:20,1.2244542269247232,0,0
4110.0,1:08:30,1.2366137205267649,0,0
4120.0,1:08:40,1.173033893573478,0,0
4130.0,1:08:50,1.134648488714691,0,0
4140.0,1:09:00,1.1651650267615008,0,0
4150.0,1:09:10,1.177321003849216,0,0
4160.0,1:09:20,1.134273161902201,0,0
4170.0,1:09:30,1.162540989457793,0,0
4180.0,1:09:40,1.179324624935426,0,0
4190.0,1:09:50,1.1684717651674883,0,0
4200.0,1:10:00,1.123017248370214,0,0
4210.0,1:10:10,1.1444232861463983,0,0
4220.0,1:10:20,1.152002544812841,0,0
4230.0,1:10:30,1.092602659275602,0,0
4240.0,1:10:40,1.0978506800039414,0,0
4250.0,1:10:50,1.0915422437415707,0,0
4260.0,1:11:00,1.0412626119132515,0,0
4270.0,1:11:10,0.8566413253990202,0,0
4280.0,1:11:20,0.745938508099545,0,0
4290.0,1:11:30,0.6629234269719926,0,0
4300.0,1:11:40,0.5357470736932518,0,0
4310.0,1:11:50,0.4896447365501232,0,0
4320.0,1:12:00,0.5177911414747006,0,0
4330.0,1:12:10,0.6551643940697739,0,0
4340.0,1:12:20,0.7392307583229561,0,0
4350.0,1:12:30,0.8024611875194039,0,0
4360.0,1:12:40,0.856456068091966,0,0
4370.0,1:12:50,0.8592830897247618,0,0
4380.0,1:13:00,0.8225030638147094,0,0
4390.0,1:13:10,0.6737734160982738,0,0
4400.0,1:13:20,0.5645272263684133,0,0
4410.0,1:13:30,0.5625230853641832,0,0
4420.0,1:13:40,0.5698587176843471,0,0
4430.0,1:13:50,0.5935610953465573,0,0
4440.0,1:14:00,0.6804235180233807,0,0
4450.0,1:14:10,0.7767464895774759,0,0
4460.0,1:14:20,0.8614780014442955,0,0
4470.0,1:14:30,0.869011866411578,0,0
4480.0,1:14:40,0.8812422881083329,0,0
4490.0,1:14:50,0.8841069046756812,0,0
4500.0,1:15:00,0.8071942871917249,0,0
4510.0,1:15:10,0.7583655888403695,0,0
4520.0,1:15:20,0.7118286029871899,0,0
4530.0,1:15:30,0.6605353806785622,0,0
4540.0,1:15:40,0.6515184785569029,0,0
4550.0,1:15:50,0.7178013220111292,0,0
4560.0,1:16:00,0.7747435999054201,0,0
4570.0,1:16:10,0.8553160961794012,0,0
4580.0,1:16:20,0.9100504701154212,0,0
4590.0,1:16:30,1.007312984454792,0,0
4600.0,1:16:40,1.1471796555961395,0,0
4610.0,1:16:50,1.1478635632060636,0,0
4620.0,1:17:00,1.1839974882858362,0,0
4630.0,1:17:10,1.1303169063369936,0,0
4640.0,1:17:20,1.100233250212498,1,1
4650.0,1:17:30,1.04170365101325,1,1
4660.0,1:17:40,0.9570459284550182,1,1
4670.0,1:17:50,0.9836930919074308,1,1
4680.0,1:18:00,0.9819111181845,0,0
4690.0,1:18:10,0.968261156571793,0,0
4700.0,1:18:20,0.9854648742448132,0,0
4710.0,1:18:30,1.03357788185584,0,0
4720.0,1:18:40,1.0318219595859588,0,0
4730.0,1:18:50,1.0157905884243137,0,0
4740.0,1:19:00,1.0378253013859593,0,0
4750.0,1:19:10,1.1289578857680704,0,0
4760.0,1:19:20,1.1391714902225358,0,0
4770.0,1:19:30,1.1470128181078303,0,0
4780.0,1:19:40,1.1620218917008494,0,0
4790.0,1:19:50,1.15078636451385,0,0
4800.0,1:20:00,1.0989248254679485,0,0
4810.0,1:20:10,1.1234937337987667,0,0
4820.0,1:20:20,1.279644631905548,0,0
4830.0,1:20:30,1.4024783546443993,0,0
4840.0,1:20:40,1.3865649547779682,0,0
4850.0,1:20:50,1.3730284267057462,0,0
4860.0,1:21:00,1.405031036896005,0,0
4870.0,1:21:10,1.3507041431513216,0,0
4880.0,1:21:20,1.19548698482465,0,0
4890.0,1:21:30,1.008854664100414,0,0
4900.0,1:21:40,0.997450492399938,0,0
4910.0,1:21:50,0.9884373277402116,0,0
4920.0,1:22:00,0.9697874276520464,0,0
4930.0,1:22:10,0.9125885621501664,0,0
4940.0,1:22:20,0.8842321479171661,0,0
4950.0,1:22:30,0.9667387956683724,0,0
4960.0,1:22:40,0.9866263990121024,0,0
4970.0,1:22:50,1.0572271073179331,0,0
4980.0,1:23:00,1.089270095022987,0,0
4990.0,1:23:10,1.106851801339959,0,0
5000.0,1:23:20,1.1752366420671507,0,0
5010.0,1:23:30,1.1299808524426442,0,0
5020.0,1:23:40,1.212989856337738,0,0
5030.0,1:23:50,1.2258442262805318,0,0
5040.0,1:24:00,1.2168972089123278,0,0
5050.0,1:24:10,1.2540250425749828,0,0
5060.0,1:24:20,1.2426567742923598,0,0
5070.0,1:24:30,1.2215601395097369,0,0
5080.0,1:24:40,1.054635299998818,0,0
5090.0,1:24:50,0.9239786636514808,0,0
5100.0,1:25:00,0.871018154110772,0,0
5110.0,1:25:10,0.8496410754167923,0,0
5120.0,1:25:20,0.825801598472902,0,0
5130.0,1:25:30,0.8263075459597149,0,0
5140.0,1:25:40,0.8999832662874233,0,0
5150.0,1:25:50,0.9273800677075758,0,0
5160.0,1:26:00,0.920622626015159,0,0
5170.0,1:26:10,0.8943088949504552,0,0
5180.0,1:26:20,0.8875223424549024,0,0
5190.0,1:26:30,0.8831736574192124,0,0
5200.0,1:26:40,0.7760048382895687,0,0
5210.0,1:26:50,0.7887281180263602,0,0
5220.0,1:27:00,0.7671531880662197,0,0
5230.0,1:27:10,0.7308366889931488,0,0
5240.0,1:27:20,0.6846594606851528,0,0
5250.0,1:27:30,0.643336280021575,0,0
5260.0,1:27:40,0.6707578224110211,0,0
5270.0,1:27:50,0.6342918824976014,0,0
5280.0,1:28:00,0.6592810422698179,0,0
5290.0,1:28:10,0.6375318674396655,0,0
5300.0,1:28:20,0.7955564245399058,0,0
5310.0,1:28:30,0.9463809877057916,0,0
5320.0,1:28:40,1.040671196389242,0,0
5330.0,1:28:50,1.0906606211312129,0,0
5340.0,1:29:00,1.0740459864875271,0,0
5350.0,1:29:10,1.082116347865981,0,0
5360.0,1:29:20,1.12480552404111,0,0
5370.0,1:29:30,1.1230214658304485,0,0
5380.0,1:29:40,1.150936277691012,0,0
5390.0,1:29:50,1.1590715827313085,0,0
5400.0,1:30:00,1.167216301576964,0,0
5410.0,1:30:10,1.1852891678465036,0,0
5420.0,1:30:20,1.007368530885404,0,0
5430.0,1:30:30,0.9757100223543962,0,0
5440.0,1:30:40,0.9763073831694046,0,0
5450.0,1:30:50,0.9818764886543028,0,0
5460.0,1:31:00,0.9924264567228264,0,0
5470.0,1:31:10,1.0154328292419368,0,0
5480.0,1:31:20,0.9861699055256766,0,0
5490.0,1:31:30,0.9892646886421612,0,0
5500.0,1:31:40,0.9749090784666576,0,0
5510.0,1:31:50,0.9580404576304836,0,0
5520.0,1:32:00,0.9935754971496414,0,0
5530.0,1:32:10,1.019161578607786,0,0
5540.0,1:32:20,1.3097220692287943,0,0
5550.0,1:32:30,1.5606205559362527,0,0
5560.0,1:32:40,1.571582353570565,0,0
5570.0,1:32:50,1.6151091194953489,0,0
5580.0,1:33:00,1.6511712119421085,0,0
5590.0,1:33:10,1.682261991472734,0,0
5600.0,1:33:20,1.4575099901590658,0,0
5610.0,1:33:30,1.262605161698035,0,0
5620.0,1:33:40,1.253326311139891,0,0
5630.0,1:33:50,1.2842465618866798,0,0
5640.0,1:34:00,1.4711167432710286,0,0
5650.0,1:34:10,1.4946562908096397,0,0
5660.0,1:34:20,1.5710968163272243,0,0
5670.0,1:34:30,1.4863931268232031,0,0
5680.0,1:34:40,1.4469606861644844,0,0
5690.0,1:34:50,1.5235081451606522,0,0
5700.0,1:35:00,1.3225191455244545,0,0
5710.0,1:35:10,1.3788784839241108,0,0
5720.0,1:35:20,1.5464905620734573,0,0
5730.0,1:35:30,1.6460353739620366,0,0
5740.0,1:35:40,1.690039215101595,0,0
5750.0,1:35:50,1.5492935098493106,0,0
5760.0,1:36:00,1.5198310110408677,0,0
5770.0,1:36:10,1.6018531861587677,0,0
5780.0,1:36:20,1.3872487462415246,0,0
5790.0,1:36:30,1.3144920309825046,0,0
5800.0,1:36:40,1.3660652761185454,0,0
5810.0,1:36:50,1.3745078095149348,0,0
5820.0,1:37:00,1.4160079742955896,0,0
5830.0,1:37:10,1.2591458640716768,0,0
5840.0,1:37:20,1.3057148061494344,0,0
5850.0,1:37:30,1.2835754269610724,0,0
5860.0,1:37:40,1.1620247152220409,0,0
5870.0,1:37:50,1.1525197821311035,0,0
5880.0,1:38:00,1.120040346345418,0,0
5890.0,1:38:10,1.2100587041132824,0,0
5900.0,1:38:20,1.2388780033064268,0,0
5910.0,1:38:30,1.2038327808134326,0,0
5920.0,1:38:40,1.255697270192133,0,0
5930.0,1:38:50,1.2564432895647686,0,0
5940.0,1:39:00,1.3493657798617988,0,0
5950.0,1:39:10,1.2938021412365068,0,0
5960.0,1:39:20,1.1997188410185735,0,0
5970.0,1:39:30,1.2696841202447016,0,0
5980.0,1:39:40,1.2499022009169158,0,0
5990.0,1:39:50,1.296864934588601,0,0
6000.0,1:40:00,1.2770731304192016,0,0
6010.0,1:40:10,1.2109772986730825,0,0
6020.0,1:40:20,1.2013993529760114,0,0
6030.0,1:40:30,1.2252722071372328,0,0
6040.0,1:40:40,1.305835285303122,0,0
6050.0,1:40:50,1.2473269384544254,0,0
6060.0,1:41:00,1.2016418410487335,0,0
6070.0,1:41:10,1.1688026650459442,0,0
6080.0,1:41:20,1.066219411670903,0,0
6090.0,1:41:30,0.8679386434952954,0,0
6100.0,1:41:40,0.7314574455754884,0,0
6110.0,1:41:50,0.6930905357574072,0,0
6120.0,1:42:00,0.5873990442304893,0,0
6130.0,1:42:10,0.6317555456161889,0,0
6140.0,1:42:20,0.7538826243109159,0,0
6150.0,1:42:30,0.9720602097148529,0,0
6160.0,1:42:40,1.0219012136088637,0,0
6170.0,1:42:50,1.0302761139206105,0,0
6180.0,1:43:00,1.0490460504215524,1,1
6190.0,1:43:10,1.0080790856950457,1,1
6200.0,1:43:20,0.97486271645036,0,0
6210.0,1:43:30,0.8401631878743926,0,0
6220.0,1:43:40,0.7443474534051219,0,0
6230.0,1:43:50,0.747376998015373,0,0
6240.0,1:44:00,0.7894928867149217,0,0
6250.0,1:44:10,0.758657830416787,0,0
6260.0,1:44:20,0.7538722503602754,0,0
6270.0,1:44:30,0.7490802762980134,0,0
6280.0,1:44:40,0.754727970928912,0,0
6290.0,1:44:50,0.8962567573421373,0,0
6300.0,1:45:00,0.9725827464576144,0,0
6310.0,1:45:10,1.0699212185683995,0,0
6320.0,1:45:20,1.0809932555126291,0,0
6330.0,1:45:30,1.1077896530236715,0,0
6340.0,1:45:40,1.1005500337121623,0,0
6350.0,1:45:50,0.9071512822903764,0,0
6360.0,1:46:00,0.7738705243932491,0,0
6370.0,1:46:10,0.6955596469785607,0,0
6380.0,1:46:20,0.6906945181854386,0,0
6390.0,1:46:30,0.6464079074721313,0,0
6400.0,1:46:40,0.7282695418975851,0,0
6410.0,1:46:50,0.7628703356656097,0,0
6420.0,1:47:00,0.8054044604833425,0,0
6430.0,1:47:10,0.8005815546416022,0,0
6440.0,1:47:20,0.7140690213447665,0,0
6450.0,1:47:30,0.6854608628423944,0,0
6460.0,1:47:40,0.585598839552072,0,0
6470.0,1:47:50,0.5357728320751327,0,0
6480.0,1:48:00,0.4806101615956917,1,1
6490.0,1:48:10,0.6182638004932531,1,1
6500.0,1:48:20,0.7772150076343346,0,0
6510.0,1:48:30,0.9045973678616988,0,0
6520.0,1:48:40,1.0427021692871077,0,0
6530.0,1:48:50,1.2074334697967817,0,0
6540.0,1:49:00,1.3405489065303728,0,0
6550.0,1:49:10,1.256445708070226,0,0
6560.0,1:49:20,1.1563373955633631,0,0
6570.0,1:49:30,1.0959236042398144,0,0
6580.0,1:49:40,1.006238740919579,0,0
6590.0,1:49:50,0.9988049953921576,0,0
6600.0,1:50:00,0.9621258993562,0,0
6610.0,1:50:10,0.9387024407614,0,0
6620.0,1:50:20,0.9737863029000432,0,0
6630.0,1:50:30,0.9822854240294672,0,0
6640.0,1:50:40,1.0280797705112177,0,0
6650.0,1:50:50,0.9699927345712094,0,0
6660.0,1:51:00,0.9864971136191024,0,0
6670.0,1:51:10,1.0110199036959249,0,0
6680.0,1:51:20,1.0756013562361495,0,0
6690.0,1:51:30,1.116214783451037,0,0
6700.0,1:51:40,1.1675554292262476,0,0
6710.0,1:51:50,1.133407008513362,0,0
6720.0,1:52:00,1.0858489520941397,0,0
6730.0,1:52:10,1.1399234877645126,0,0
6740.0,1:52:20,1.0735754344886663,0,0
6750.0,1:52:30,1.0526941208059906,0,0
6760.0,1:52:40,0.962110400911278,0,0
6770.0,1:52:50,1.048400905094484,0,0
6780.0,1:53:00,1.0918539703618697,0,0
6790.0,1:53:10,1.0521437485096727,0,0
6800.0,1:53:20,1.049987123465817,0,0
6810.0,1:53:30,1.0935009475894832,0,0
6820.0,1:53:40,1.1424325106044717,0,0
6830.0,1:53:50,1.0811448170656548,0,0
6840.0,1:54:00,1.019794210300775,0,0
6850.0,1:54:10,0.9422284344117948,0,0
6860.0,1:54:20,0.8888249597267175,0,0
6870.0,1:54:30,0.7814725820411933,0,0
6880.0,1:54:40,0.8492568280075624,0,0
6890.0,1:54:50,0.8334873528897103,0,0
6900.0,1:55:00,0.8150022539103678,0,0
6910.0,1:55:10,0.8018976367111248,0,0
6920.0,1:55:20,0.7698697263302574,0,0
6930.0,1:55:30,0.7405120302115467,0,0
6940.0,1:55:40,0.6732701290402763,0,0
6950.0,1:55:50,0.7249908123754821,0,0
6960.0,1:56:00,0.7632271080245464,0,0
6970.0,1:56:10,0.8908545491751886,0,0
6980.0,1:56:20,0.937329916983996,0,0
6990.0,1:56:30,0.994688656905186,0,0
7000.0,1:56:40,0.9273659989998368,0,0
7010.0,1:56:50,0.8382754340787977,0,0
7020.0,1:57:00,0.7708129939426849,0,0
7030.0,1:57:10,0.7141477762032042,0,0
7040.0,1:57:20,0.744361282234603,0,0
7050.0,1:57:30,0.7691653933666015,0,0
7060.0,1:57:40,0.9625778429375358,0,0
7070.0,1:57:50,1.2214549190313193,0,0
7080.0,1:58:00,1.3744222689297998,0,0
7090.0,1:58:10,1.3804912634178017,1,1
7100.0,1:58:20,1.3892869852024707,1,1
7110.0,1:58:30,1.3408560834952226,0,0
7120.0,1:58:40,1.175137774153515,0,0
7130.0,1:58:50,0.9192529759400094,0,0
7140.0,1:59:00,0.8268763466650132,0,0
7150.0,1:59:10,0.7507971153063379,0,0
7160.0,1:59:20,0.6855746387584126,0,0
7170.0,1:59:30,0.6694796511928544,0,0
7180.0,1:59:40,0.6068951897071486,0,0
7190.0,1:59:50,0.6892072378817085,0,0
7200.0,2:00:00,0.7661168727942093,0,0
7210.0,2:00:10,0.8020315582245334,0,0
7220.0,2:00:20,0.7914211446278597,0,0
7230.0,2:00:30,0.7972378124561129,0,0
7240.0,2:00:40,0.8167617213825616,0,0
7250.0,2:00:50,0.726621611877016,0,0
7260.0,2:01:00,0.6528626562064587,0,0
7270.0,2:01:10,0.7436964325825756,0,0
7280.0,2:01:20,0.853822177678711,0,0
7290.0,2:01:30,0.9475581362725036,0,0
7300.0,2:01:40,0.9891635086097356,0,0
7310.0,2:01:50,0.997815185125371,0,0
7320.0,2:02:00,0.9927220345323466,0,0
7330.0,2:02:10,0.869327845165914,0,0
7340.0,2:02:20,0.7816097416127321,0,0
7350.0,2:02:30,0.7654037702823386,0,0
7360.0,2:02:40,0.7326569482064894,0,0
7370.0,2:02:50,0.7467248658119298,0,0
7380.0,2:03:00,0.7387499254059731,0,0
7390.0,2:03:10,0.7473126295511454,0,0
7400.0,2:03:20,0.7034652079160252,0,0
7410.0,2:03:30,0.5961075692153052,0,0
7420.0,2:03:40,0.5770117278877506,0,0
7430.0,2:03:50,0.5081859658378203,0,0
7440.0,2:04:00,0.4696986064174013,0,0
7450.0,2:04:10,0.6163674985733671,0,0
7460.0,2:04:20,0.8101510695806736,0,0
7470.0,2:04:30,0.9791836973956822,0,0
7480.0,2:04:40,1.06809463848997,0,0
7490.0,2:04:50,1.1543007922469566,0,0
7500.0,2:05:00,1.146417411324551,0,0
7510.0,2:05:10,1.0027888031527217,0,0
7520.0,2:05:20,0.9089336824819032,0,0
7530.0,2:05:30,0.7928313317822648,0,0
7540.0,2:05:40,0.7653837472748146,0,0
7550.0,2:05:50,0.7989451840110514,0,0
7560.0,2:06:00,0.7992272428911138,0,0
7570.0,2:06:10,0.7717467907595141,0,0
7580.0,2:06:20,0.6775963400041604,0,0
7590.0,2:06:30,0.6611626473633857,0,0
7600.0,2:06:40,0.6085896036383714,0,0
7610.0,2:06:50,0.5170604841524726,0,0
7620.0,2:07:00,0.5061120827887348,0,0
7630.0,2:07:10,0.5146273673010469,0,0
7640.0,2:07:20,0.6567164533325476,0,0
7650.0,2:07:30,0.8434360811533905,0,0
7660.0,2:07:40,0.9690168901317476,0,0
7670.0,2:07:50,1.0696083411049828,1,1
7680.0,2:08:00,1.1619032272032208,1,1
7690.0,2:08:10,1.1483396301564404,1,1
7700.0,2:08:20,1.0092989555540146,0,0
7710.0,2:08:30,0.7809195195060874,0,0
7720.0,2:08:40,0.6528297997479977,0,0
7730.0,2:08:50,0.5274492150715506,0,0
7740.0,2:09:00,0.4522384208186715,0,0
7750.0,2:09:10,0.4607537067100515,0,0
7760.0,2:09:20,0.4525131581294948,0,0
7770.0,2:09:30,0.4498546607387012,1,1
7780.0,2:09:40,0.4527832530280323,1,1
7790.0,2:09:50,0.447324981383816,0,0
7800.0,2:10:00,0.4866078141772552,0,0
7810.0,2:10:10,0.5482913430524793,0,0
7820.0,2:10:20,0.6184034440908789,0,0
7830.0,2:10:30,0.6857547666959821,0,0
7840.0,2:10:40,0.7811400226860638,0,0
7850.0,2:10:50,0.8121634236432346,0,0
7860.0,2:11:00,0.7731683262956079,0,0
7870.0,2:11:10,0.7369517597825955,0,0
7880.0,2:11:20,0.6951077379630948,0,0
7890.0,2:11:30,0.6336140486776138,0,0
7900.0,2:11:40,0.5188033656088894,0,0
7910.0,2:11:50,0.513328786850956,0,0
7920.0,2:12:00,0.535907878359202,0,0
7930.0,2:12:10,0.6146273752307799,0,0
7940.0,2:12:20,0.6596983812189743,0,0
7950.0,2:12:30,0.7047901159752158,0,0
7960.0,2:12:40,0.7105814776154354,0,0
7970.0,2:12:50,0.6995177399798465,0,0
7980.0,2:13:00,0.6800166036096325,0,0
7990.0,2:13:10,0.6886106516499434,0,0
8000.0,2:13:20,0.8377725916905356,0,0
8010.0,2:13:30,0.9251384687743942,0,0
8020.0,2:13:40,1.0519185736151644,0,0
8030.0,2:13:50,1.2434581866284264,0,0
8040.0,2:14:00,1.4125692252363553,0,0
8050.0,2:14:10,1.4494694457384492,0,0
8060.0,2:14:20,1.3456256183844597,0,0
8070.0,2:14:30,1.3233886897069007,0,0
8080.0,2:14:40,1.3152198151691443,0,0
8090.0,2:14:50,1.2366208701405637,0,0
8100.0,2:15:00,1.1269932455414091,0,0
8110.0,2:15:10,1.0370437721519363,0,0
8120.0,2:15:20,0.966785233057453,0,0
8130.0,2:15:30,0.9669751078147598,0,0
8140.0,2:15:40,0.9417846110026344,0,0
8150.0,2:15:50,0.862996739987932,0,0
8160.0,2:16:00,0.8349504402477573,0,0
8170.0,2:16:10,0.8238188869743233,0,0
8180.0,2:16:20,0.8155024771572869,0,0
8190.0,2:16:30,0.7902466438182122,0,0
8200.0,2:16:40,0.7678022012575937,0,0
8210.0,2:16:50,0.7989899800301573,0,0
8220.0,2:17:00,0.7821818580926628,0,0
8230.0,2:17:10,0.7371233490638467,0,0
8240.0,2:17:20,0.7372426870153985,0,0
8250.0,2:17:30,0.7853869422649351,0,0
8260.0,2:17:40,0.8391949254849175,0,0
8270.0,2:17:50,0.8732347264763647,0,0
8280.0,2:18:00,0.9835953728093284,0,0
8290.0,2:18:10,1.0996390122287192,0,0
8300.0,2:18:20,1.2694300336260291,0,0
8310.0,2:18:30,1.3007107550978725,0,0
8320.0,2:18:40,1.343307863566358,0,0
8330.0,2:18:50,1.453793376875435,0,0
8340.0,2:19:00,1.507727869592893,0,0
8350.0,2:19:10,1.5560128962415063,0,0
8360.0,2:19:20,1.4798084342174012,0,0
8370.0,2:19:30,1.420559361558673,0,0
8380.0,2:19:40,1.570721039197921,0,0
8390.0,2:19:50,1.6133548017908723,0,0
8400.0,2:20:00,1.5455930808557357,0,0
8410.0,2:20:10,1.4664873077295566,0,0
8420.0,2:20:20,1.509107977014013,0,0
8430.0,2:20:30,1.492267922438323,0,0
8440.0,2:20:40,1.3479840233715463,0,0
8450.0,2:20:50,1.2461507669309646,0,0
8460.0,2:21:00,1.2575912742246476,0,0
8470.0,2:21:10,1.3596744069381563,0,0
8480.0,2:21:20,1.345621565473057,0,0
8490.0,2:21:30,1.3088969233487646,0,0
8500.0,2:21:40,1.1701624549438463,0,0
8510.0,2:21:50,1.0540717502708707,0,0
8520.0,2:22:00,1.085314536941857,0,0
8530.0,2:22:10,0.9946998569308452,0,0
8540.0,2:22:20,0.9720881043360518,0,0
8550.0,2:22:30,0.9721441574701706,0,0
8560.0,2:22:40,0.955190426435288,0,0
8570.0,2:22:50,0.9750805105427212,1,1
8580.0,2:23:00,0.9694570475275628,1,1
8590.0,2:23:10,0.9978471403952708,0,0
8600.0,2:23:20,0.9326841355626532,0,0
8610.0,2:23:30,0.9128729702452524,0,0
8620.0,2:23:40,1.065998387823798,0,0
8630.0,2:23:50,1.1454146475349685,0,0
8640.0,2:24:00,1.0660567159974752,0,0
8650.0,2:24:10,1.0008677565973587,0,0
8660.0,2:24:20,1.0972887102111333,0,0
8670.0,2:24:30,1.2248983973424488,0,0
8680.0,2:24:40,1.156861247445054,0,0
8690.0,2:24:50,1.0689703608572476,0,0
8700.0,2:25:00,1.0207712420285229,0,0
8710.0,2:25:10,0.9640617649901828,0,0
8720.0,2:25:20,0.896007079883075,0,0
8730.0,2:25:30,0.9243549512215822,0,0
8740.0,2:25:40,0.9130030929206177,0,0
8750.0,2:25:50,0.9470140829493312,0,0
8760.0,2:26:00,1.088762546381116,0,0
8770.0,2:26:10,1.258853745066296,0,0
8780.0,2:26:20,1.3098543772113638,0,0
8790.0,2:26:30,1.2616188157438946,0,0
8800.0,2:26:40,1.3466267293868532,0,0
8810.0,2:26:50,1.3891000912823257,0,0
8820.0,2:27:00,1.3635301189048674,0,0
8830.0,2:27:10,1.377642347621466,0,0
8840.0,2:27:20,1.3548993049899605,0,0
8850.0,2:27:30,1.3293190342649563,0,0
8860.0,2:27:40,1.2555549053177002,0,0
8870.0,2:27:50,1.2413093789859768,0,0
8880.0,2:28:00,1.1760514014547925,0,0
8890.0,2:28:10,1.1391341572798963,0,0
8900.0,2:28:20,1.0852168780064195,0,0
8910.0,2:28:30,1.011470572459258,0,0
8920.0,2:28:40,0.9207335948159256,0,0
8930.0,2:28:50,0.8356733564971645,0,0
8940.0,2:29:00,0.7591219694672101,0,0
8950.0,2:29:10,0.6174386301570566,0,0
8960.0,2:29:20,0.5607397450962088,0,0
8970.0,2:29:30,0.5210400685124692,0,0
8980.0,2:29:40,0.5266495211901252,0,0
8990.0,2:29:50,0.5124376979353383,0,0
9000.0,2:30:00,0.5208736169034266,0,0
9010.0,2:30:10,0.5094920044067286,0,0
9020.0,2:30:20,0.5405636669528717,0,0
9030.0,2:30:30,0.6876487505797005,0,0
9040.0,2:30:40,0.8063998234585191,0,0
9050.0,2:30:50,0.916629921194112,0,0
9060.0,2:31:00,1.0381421198811476,0,0
9070.0,2:31:10,1.0945653853099186,0,0
9080.0,2:31:20,1.105721528445298,0,0
9090.0,2:31:30,1.017906844276218,0,0
9100.0,2:31:40,0.9781746812565112,0,0
9110.0,2:31:50,1.0062904649151432,0,0
9120.0,2:32:00,1.0909176236589466,0,0
9130.0,2:32:10,1.1557329735518038,0,0
9140.0,2:32:20,1.183793655684649,0,0
9150.0,2:32:30,1.231613686722859,0,0
9160.0,2:32:40,1.3048309957677655,0,0
9170.0,2:32:50,1.3667219180912134,0,0
9180.0,2:33:00,1.332593032578479,0,0
9190.0,2:33:10,1.357749302580884,0,0
9200.0,2:33:20,1.4054682994910523,0,0
9210.0,2:33:30,1.4051946203250578,0,0
9220.0,2:33:40,1.27796506789532,0,0
9230.0,2:33:50,1.164884042393045,0,0
9240.0,2:34:00,1.0433846591175977,0,0
9250.0,2:34:10,1.0093319955314646,0,0
9260.0,2:34:20,0.9837459128817692,0,0
9270.0,2:34:30,0.9271673266038848,0,0
9280.0,2:34:40,0.8677924101986544,0,0
9290.0,2:34:50,0.7464695827698504,0,0
9300.0,2:35:00,0.6843398403229266,0,0
9310.0,2:35:10,0.6166051804050812,0,0
9320.0,2:35:20,0.4897878399208922,0,0
9330.0,2:35:30,0.4558979615690715,0,0
9340.0,2:35:40,0.4923599929579552,0,0
9350.0,2:35:50,0.5400527640362129,0,0
9360.0,2:36:00,0.5652225234388589,0,0
9370.0,2:36:10,0.6578484808177428,0,0
9380.0,2:36:20,0.8431717862728637,0,0
9390.0,2:36:30,0.9412881350119991,0,0
9400.0,2:36:40,1.002829568158439,0,0
9410.0,2:36:50,1.0137839744295971,0,0
9420.0,2:37:00,1.0106905194507447,0,0
9430.0,2:37:10,0.8756809861057541,0,0
9440.0,2:37:20,0.7295221278060313,0,0
9450.0,2:37:30,0.6816216074243092,0,0
9460.0,2:37:40,0.6814177768599486,0,0
9470.0,2:37:50,0.8157713307099591,0,0
9480.0,2:38:00,0.8939897670739744,0,0
9490.0,2:38:10,1.0085766969404304,0,0
9500.0,2:38:20,1.1034822748971127,0,0
9510.0,2:38:30,1.128327157288967,0,0
9520.0,2:38:40,1.1083685097686968,0,0
9530.0,2:38:50,0.9709024672187296,0,0
9540.0,2:39:00,0.9006525372483075,0,0
9550.0,2:39:10,0.7689312472150588,0,0
9560.0,2:39:20,0.6652476013393621,0,0
9570.0,2:39:30,0.6314870881460074,0,0
9580.0,2:39:40,0.6256794040734507,0,0
9590.0,2:39:50,0.6533796900446518,0,0
9600.0,2:40:00,0.6531451224761813,0,0
9610.0,2:40:10,0.6780196567751294,0,0
9620.0,2:40:20,0.6721920253157941,0,0
9630.0,2:40:30,0.733281085923809,0,0
9640.0,2:40:40,0.8082566215609694,0,0
9650.0,2:40:50,0.8803857618241847,0,0
9660.0,2:41:00,0.9886601940208742,0,0
9670.0,2:41:10,1.0968463576362044,0,0
9680.0,2:41:20,1.196594551942112,0,0
9690.0,2:41:30,1.19889992806587,0,0
9700.0,2:41:40,1.2595896139995195,0,0
9710.0,2:41:50,1.403607102000921,0,0
9720.0,2:42:00,1.447482478358348,0,0
9730.0,2:42:10,1.4468810547613609,0,0
9740.0,2:42:20,1.4296178121847467,0,0
9750.0,2:42:30,1.356867042436308,0,0
9760.0,2:42:40,1.2120587793971385,0,0
9770.0,2:42:50,0.9952876120513258,0,0
9780.0,2:43:00,0.8618358155668487,0,0
9790.0,2:43:10,0.8309855950811784,0,0
9800.0,2:43:20,0.7946215154034146,0,0
9810.0,2:43:30,0.8772875324960567,0,0
9820.0,2:43:40,0.9626408770244084,0,0
9830.0,2:43:50,0.9704934729093156,0,0
9840.0,2:44:00,0.94517046229373,0,0
9850.0,2:44:10,0.8756688760360575,0,0
9860.0,2:44:20,0.8448834008598002,0,0
9870.0,2:44:30,0.7147726013286164,0,0
9880.0,2:44:40,0.5902999793145658,0,0
9890.0,2:44:50,0.5624424656302771,0,0
9900.0,2:45:00,0.5787010233334463,0,0
9910.0,2:45:10,0.5949408690562811,0,0
9920.0,2:45:20,0.5698670815990179,0,0
9930.0,2:45:30,0.7621917473746029,0,0
9940.0,2:45:40,0.907564991177626,0,0
9950.0,2:45:50,0.981317188856832,0,0
9960.0,2:46:00,1.0055362747622574,0,0
9970.0,2:46:10,1.0050120771182904,0,0
9980.0,2:46:20,1.073095963382928,1,1
9990.0,2:46:30,0.9244030775392854,1,1
10000.0,2:46:40,0.773122542903079,0,0
10010.0,2:46:50,0.6850228392781696,0,0
10020.0,2:47:00,0.6901277092889471,0,0
10030.0,2:47:10,0.8375530001028205,0,0
10040.0,2:47:20,0.9164223926854544,0,0
10050.0,2:47:30,0.9842636914626224,0,0
10060.0,2:47:40,1.0902798915639902,0,0
10070.0,2:47:50,1.1879784701719434,0,0
10080.0,2:48:00,1.252807279056128,0,0
10090.0,2:48:10,1.205713667563205,0,0
10100.0,2:48:20,1.2022890679508171,0,0
10110.0,2:48:30,1.2015873676803717,0,0
10120.0,2:48:40,1.375158189152389,0,0
10130.0,2:48:50,1.4614304250175667,0,0
10140.0,2:49:00,1.4904762328095085,0,0
10150.0,2:49:10,1.4623976149867564,0,0
10160.0,2:49:20,1.385447674170951,0,0
10170.0,2:49:30,1.3303038517769232,0,0
10180.0,2:49:40,1.0690151648708497,0,0
10190.0,2:49:50,0.9978526096940472,0,0
10200.0,2:50:00,0.9782610762611704,0,0
10210.0,2:50:10,0.9370240166117756,0,0
10220.0,2:50:20,1.0365696941133795,0,0
10230.0,2:50:30,1.0575469542330282,0,0
10240.0,2:50:40,1.0811952245941117,0,0
10250.0,2:50:50,0.980550660820964,0,0
10260.0,2:51:00,0.817943644677293,0,0
10270.0,2:51:10,0.7931283694339135,0,0
10280.0,2:51:20,0.6632003082679445,0,0
10290.0,2:51:30,0.6196535822816839,0,0
10300.0,2:51:40,0.5977005807895034,0,0
10310.0,2:51:50,0.5999888773832723,0,0
10320.0,2:52:00,0.669488891145348,0,0
10330.0,2:52:10,0.6851536234357616,0,0
10340.0,2:52:20,0.6766282537339999,0,0
10350.0,2:52:30,0.6573785674812607,0,0
10360.0,2:52:40,0.6488775526535789,0,0
10370.0,2:52:50,0.6243085653476331,0,0
10380.0,2:53:00,0.5890607707700397,0,0
10390.0,2:53:10,0.5645624440394403,0,0
10400.0,2:53:20,0.529401160789725,0,0
10410.0,2:53:30,0.598488691056529,0,0
10420.0,2:53:40,0.763590042408628,0,0
10430.0,2:53:50,0.9151087306124762,0,0
10440.0,2:54:00,1.0424080452621909,0,0
10450.0,2:54:10,1.0682818548258244,0,0
10460.0,2:54:20,1.1074225328880865,0,0
10470.0,2:54:30,1.0347757381385274,0,0
10480.0,2:54:40,0.8798310938892704,0,0
10490.0,2:54:50,0.756987860241054,0,0
10500.0,2:55:00,0.6555590500581914,0,0
10510.0,2:55:10,0.6603635413009552,0,0
10520.0,2:55:20,0.7181579570164391,0,0
10530.0,2:55:30,0.744084092482346,0,0
10540.0,2:55:40,0.7276314770169012,0,0
10550.0,2:55:50,0.7112007721605852,0,0
10560.0,2:56:00,0.6895085783477224,0,0
10570.0,2:56:10,0.6229719161836147,0,0
10580.0,2:56:20,0.5327987639885394,0,0
10590.0,2:56:30,0.5323737784416329,0,0
10600.0,2:56:40,0.6899507673928472,0,0
10610.0,2:56:50,0.7420198430718414,0,0
10620.0,2:57:00,0.7650804032428793,1,1
10630.0,2:57:10,0.7618296023976516,1,1
10640.0,2:57:20,0.774329311133841,1,1
10650.0,2:57:30,0.9179386278822664,0,0
10660.0,2:57:40,0.9276600719337742,0,0
10670.0,2:57:50,0.9583072459746204,0,0
10680.0,2:58:00,0.9470402262154618,0,0
10690.0,2:58:10,1.022047002130048,0,0
10700.0,2:58:20,1.0655813661127154,0,0
10710.0,2:58:30,0.9002766395223885,0,0
10720.0,2:58:40,0.7534999900410203,0,0
10730.0,2:58:50,0.664281568239352,0,0
10740.0,2:59:00,0.6767216589000032,0,0
10750.0,2:59:10,0.6293248715870561,0,0
10760.0,2:59:20,0.5846055651389443,0,0
10770.0,2:59:30,0.5581332322267344,0,0
10780.0,2:59:40,0.5213298273650258,0,0
10790.0,2:59:50,0.5208681090999668,0,0
10800.0,3:00:00,0.5980768430165537,0,0
10810.0,3:00:10,0.7035991597395413,0,0
10820.0,3:00:20,0.7598244157615429,0,0
10830.0,3:00:30,0.8856612590036456,0,0
10840.0,3:00:40,1.0164253132799423,0,0
10850.0,3:00:50,1.085088546840018,0,0
10860.0,3:01:00,1.0351685820867402,0,0
10870.0,3:01:10,0.957035459389308,0,0
10880.0,3:01:20,0.9407286069793792,0,0
10890.0,3:01:30,0.8910642796338968,0,0
10900.0,3:01:40,0.8799704601394192,0,0
10910.0,3:01:50,0.9944849949038383,0,0
10920.0,3:02:00,1.0140336207498166,0,0
10930.0,3:02:10,1.089821954954359,0,0
10940.0,3:02:20,1.1450142202757447,0,0
10950.0,3:02:30,1.169454654570474,0,0
10960.0,3:02:40,1.135170493298548,0,0
10970.0,3:02:50,1.1111402509238737,0,0
10980.0,3:03:00,1.130432942101922,0,0
10990.0,3:03:10,1.116616232234793,0,0
11000.0,3:03:20,1.1333133313110084,0,0
11010.0,3:03:30,1.1905889457126468,0,0
11020.0,3:03:40,1.290858962998064,0,0
11030.0,3:03:50,1.2237094077884942,0,0
11040.0,3:04:00,1.2174315416731334,0,0
11050.0,3:04:10,1.1681749924375058,0,0
11060.0,3:04:20,1.1619524900727063,0,0
11070.0,3:04:30,1.087603447175297,0,0
11080.0,3:04:40,0.980626964403237,0,0
11090.0,3:04:50,0.8914902067535463,0,0
11100.0,3:05:00,0.7974984086942566,0,0
11110.0,3:05:10,0.7690372977537958,0,0
11120.0,3:05:20,0.6628015045776336,0,0
11130.0,3:05:30,0.6696418269694675,0,0
11140.0,3:05:40,0.6539156692878478,0,0
11150.0,3:05:50,0.6582412375175707,0,0
11160.0,3:06:00,0.6775555519268056,0,0
11170.0,3:06:10,0.7068162296496396,0,0
11180.0,3:06:20,0.8233351578359039,0,0
11190.0,3:06:30,0.8623422196998419,0,0
11200.0,3:06:40,0.8141235571180591,0,0
11210.0,3:06:50,0.9152244150149728,0,0
11220.0,3:07:00,0.9738705862871704,0,0
11230.0,3:07:10,1.0745748673645152,0,0
11240.0,3:07:20,1.0659799549211857,0,0
11250.0,3:07:30,1.0945430666137776,0,0
11260.0,3:07:40,1.2170373180474028,0,0
11270.0,3:07:50,1.2577171713346142,0,0
11280.0,3:08:00,1.3131110819650462,0,0
11290.0,3:08:10,1.29441035247857,0,0
11300.0,3:08:20,1.2486527852400078,0,0
11310.0,3:08:30,1.2448113052405754,0,0
11320.0,3:08:40,1.2114832805599696,0,0
11330.0,3:08:50,1.055491366282565,0,0
11340.0,3:09:00,1.051858871599905,0,0
11350.0,3:09:10,1.0016953872629148,0,0
11360.0,3:09:20,0.9981204350952326,0,0
11370.0,3:09:30,1.1045105658713212,0,0
11380.0,3:09:40,1.2326214311736912,0,0
11390.0,3:09:50,1.345806290785278,0,0
11400.0,3:10:00,1.3613151286854897,0,0
11410.0,3:10:10,1.3913760664177997,0,0
11420.0,3:10:20,1.4262198968718371,0,0
11430.0,3:10:30,1.3323516993693048,0,0
11440.0,3:10:40,1.250813739055284,1,1
11450.0,3:10:50,1.3897910224137755,1,1
11460.0,3:11:00,1.4437928105274775,1,1
11470.0,3:11:10,1.4155309294464944,0,0
11480.0,3:11:20,1.5851727304152583,0,0
11490.0,3:11:30,1.5857140285200346,1,1
11500.0,3:11:40,1.6006878587521278,1,1
11510.0,3:11:50,1.473770276582089,1,1
11520.0,3:12:00,1.3735609855035122,1,1
11530.0,3:12:10,1.3479355324686242,0,0
11540.0,3:12:20,1.2840347486451749,0,0
11550.0,3:12:30,1.265741839589877,0,0
11560.0,3:12:40,1.2092490569488263,0,0
11570.0,3:12:50,1.1886901464949684,0,0
11580.0,3:13:00,1.1300301929574872,0,0
11590.0,3:13:10,1.173895183706304,0,0
11600.0,3:13:20,1.0464153149357338,0,0
11610.0,3:13:30,1.1662730200834377,0,0
11620.0,3:13:40,1.209914160741898,1,1
11630.0,3:13:50,1.25818028434374,1,1
11640.0,3:14:00,1.3181530781317743,1,1
11650.0,3:14:10,1.3023355078719117,1,1
11660.0,3:14:20,1.366812088920044,1,1
11670.0,3:14:30,1.214212724987734,1,1
11680.0,3:14:40,1.186789603023608,0,0
11690.0,3:14:50,1.5898050932789944,0,0
11700.0,3:15:00,1.9142873874601751,1,1
11710.0,3:15:10,2.0878064277618176,1,1
11720.0,3:15:20,2.1624744068279136,1,1
11730.0,3:15:30,2.234601361987221,0,0
11740.0,3:15:40,2.248109891577504,0,0
11750.0,3:15:50,1.7947871418682613,0,0
11760.0,3:16:00,1.4964567005227467,0,0
11770.0,3:16:10,1.3199366242142738,1,1
11780.0,3:16:20,1.1857126949986347,1,1
11790.0,3:16:30,1.172568784692454,0,0
11800.0,3:16:40,1.1803227473563571,0,0
11810.0,3:16:50,1.1903660972674954,0,0
11820.0,3:17:00,1.1541195739663277,0,0
11830.0,3:17:10,1.0971729725580508,0,0
11840.0,3:17:20,1.1880052319844463,0,0
11850.0,3:17:30,1.3131490384932003,0,0
11860.0,3:17:40,1.362032034403278,0,0
11870.0,3:17:50,1.4038855101661682,0,0
11880.0,3:18:00,1.4020224777843673,0,0
11890.0,3:18:10,1.4482800631032446,0,0
11900.0,3:18:20,1.4051541803731815,0,0
11910.0,3:18:30,1.22729357282659,0,0
11920.0,3:18:40,1.2393415335477218,0,0
11930.0,3:18:50,1.1966466176001198,0,0
11940.0,3:19:00,1.1950327301909536,0,0
11950.0,3:19:10,1.416187879245094,0,0
11960.0,3:19:20,1.6026855021893327,0,0
11970.0,3:19:30,1.6322449736837616,0,0
11980.0,3:19:40,1.5145606071101405,0,0
11990.0,3:19:50,1.4695354086521624,0,0
12000.0,3:20:00,1.862624339330103,0,0
12010.0,3:20:10,1.7383162973982014,0,0
12020.0,3:20:20,1.560304040454265,1,1
12030.0,3:20:30,1.5761373885215852,1,1
12040.0,3:20:40,1.600899696983017,1,1
12050.0,3:20:50,1.6390379047844394,0,0
12060.0,3:21:00,1.2829855434485993,1,1
12070.0,3:21:10,1.2163541971391587,1,1
12080.0,3:21:20,1.2615431938787312,1,1
12090.0,3:21:30,1.2865317673610248,0,0
12100.0,3:21:40,1.3025370972474597,0,0
12110.0,3:21:50,1.2562345419221337,0,0
12120.0,3:22:00,1.1789716719999177,0,0
12130.0,3:22:10,1.104137805759816,0,0
12140.0,3:22:20,0.9630898592893294,0,0
12150.0,3:22:30,0.8401238158586554,0,0
12160.0,3:22:40,0.7704878748666434,0,0
12170.0,3:22:50,0.8068646501688963,0,0
12180.0,3:23:00,0.8255219723632207,0,0
12190.0,3:23:10,0.8748966543301666,0,0
12200.0,3:23:20,0.8999790658176705,0,0
12210.0,3:23:30,0.9556711252701796,0,0
12220.0,3:23:40,0.9783662981140836,0,0
12230.0,3:23:50,0.9856915978662272,0,0
12240.0,3:24:00,0.9864431687207332,0,0
12250.0,3:24:10,1.0591015431327029,0,0
12260.0,3:24:20,1.2098802823671946,0,0
12270.0,3:24:30,1.2363593946331122,0,0
12280.0,3:24:40,1.2909602791766508,0,0
12290.0,3:24:50,1.3042307793351229,0,0
12300.0,3:25:00,1.315291973112821,0,0
12310.0,3:25:10,1.198866462872063,0,0
12320.0,3:25:20,1.115131836508969,0,0
12330.0,3:25:30,1.079020886573965,0,0
12340.0,3:25:40,1.06236595043323,0,0
12350.0,3:25:50,1.0006605950341818,0,0
12360.0,3:26:00,0.9884486619643424,0,0
12370.0,3:26:10,1.072610039333013,1,1
12380.0,3:26:20,1.0645916271712816,1,1
12390.0,3:26:30,1.0800713078127702,1,1
12400.0,3:26:40,1.0230338414210454,1,1
12410.0,3:26:50,0.9938277977860412,0,0
12420.0,3:27:00,0.9519550030451328,0,0
12430.0,3:27:10,0.829579413955246,0,0
12440.0,3:27:20,0.8537441038210615,0,0
12450.0,3:27:30,0.748800385990595,0,0
12460.0,3:27:40,0.8363667878703787,0,0
12470.0,3:27:50,0.9384239264359572,0,0
12480.0,3:28:00,1.0191088410744251,0,0
12490.0,3:28:10,1.1037465010239231,0,0
12500.0,3:28:20,1.0348811382304637,0,0
12510.0,3:28:30,1.121319931285438,0,0
12520.0,3:28:40,1.1195936982669743,0,0
12530.0,3:28:50,1.0802563073971383,0,0
12540.0,3:29:00,1.043120742982731,0,0
12550.0,3:29:10,1.0540036473276309,0,0
12560.0,3:29:20,1.06276741710598,0,0
12570.0,3:29:30,1.0237377155385414,0,0
12580.0,3:29:40,0.9723839990532668,0,0
12590.0,3:29:50,0.968796852776548,0,0
12600.0,3:30:00,0.919745168861055,0,0
12610.0,3:30:10,0.8440150444539282,0,0
12620.0,3:30:20,0.7850005722779834,0,0
12630.0,3:30:30,0.8166808440192952,0,0
12640.0,3:30:40,0.8256643458577454,0,0
12650.0,3:30:50,0.7710449460439741,0,0
12660.0,3:31:00,0.7084041246754254,0,0
12670.0,3:31:10,0.7072826079606463,0,0
12680.0,3:31:20,0.6571786099687709,0,0
12690.0,3:31:30,0.6072300480569782,0,0
12700.0,3:31:40,0.5960913661662549,0,0
12710.0,3:31:50,0.6276401183918966,0,0
12720.0,3:32:00,0.7645384996113185,0,0
12730.0,3:32:10,0.8625260000988123,0,0
12740.0,3:32:20,1.0167963196380525,0,0
12750.0,3:32:30,1.0837832954148718,0,0
12760.0,3:32:40,1.078010380417194,1,1
12770.0,3:32:50,1.0883441097466449,1,1
12780.0,3:33:00,1.0725285080034703,0,0
12790.0,3:33:10,1.0306902057102816,0,0
12800.0,3:33:20,0.992985655329568,0,0
12810.0,3:33:30,0.973386587713958,0,0
12820.0,3:33:40,0.9658188815316168,0,0
12830.0,3:33:50,0.9901465792445808,0,0
12840.0,3:34:00,1.0104118524534995,0,0
12850.0,3:34:10,1.006776674240654,0,0
12860.0,3:34:20,0.981340457879616,0,0
12870.0,3:34:30,0.9995259196688592,0,0
12880.0,3:34:40,0.993934368624219,0,0
12890.0,3:34:50,0.9528461019594924,0,0
12900.0,3:35:00,0.8921925920216396,0,0
12910.0,3:35:10,0.8395990581928086,0,0
12920.0,3:35:20,0.7969895729764604,0,0
12930.0,3:35:30,0.738838266252238,0,0
12940.0,3:35:40,0.7063103126654823,0,0
12950.0,3:35:50,0.6602132806083575,0,0
12960.0,3:36:00,0.6240158843028007,0,0
12970.0,3:36:10,0.6210311220598018,0,0
12980.0,3:36:20,0.6336015140139578,0,0
12990.0,3:36:30,0.6558282877971903,0,0
13000.0,3:36:40,0.6760403672874004,0,0
13010.0,3:36:50,0.6942475105883772,0,0
13020.0,3:37:00,0.7008064915330636,0,0
13030.0,3:37:10,0.6996303759063401,0,0
13040.0,3:37:20,0.6888339390890275,0,0
13050.0,3:37:30,0.6358108341587378,0,0
13060.0,3:37:40,0.5925510556100461,0,0
13070.0,3:37:50,0.5398619544861242,0,0
13080.0,3:38:00,0.5217488911382939,0,0
13090.0,3:38:10,0.5533005721858794,0,0
13100.0,3:38:20,0.5618861615017342,0,0
13110.0,3:38:30,0.663611518305503,0,0
13120.0,3:38:40,0.7592933957048406,0,0
13130.0,3:38:50,0.8641210709348612,0,0
13140.0,3:39:00,0.9326437339676223,0,0
13150.0,3:39:10,0.9027237053040064,0,0
13160.0,3:39:20,0.9370017993977492,0,0
13170.0,3:39:30,0.9071668201382094,0,0
13180.0,3:39:40,0.8642771591590854,0,0
13190.0,3:39:50,0.8496645473649241,0,0
13200.0,3:40:00,0.8425873056073366,0,0
13210.0,3:40:10,0.9084285724692508,0,0
13220.0,3:40:20,1.0356157287857906,0,0
13230.0,3:40:30,1.2201047504490652,0,0
13240.0,3:40:40,1.4671753238467409,0,0
13250.0,3:40:50,1.594580326288232,0,0
13260.0,3:41:00,1.6548245759544566,0,0
13270.0,3:41:10,1.598308298044693,0,0
13280.0,3:41:20,1.4385654503626537,0,0
13290.0,3:41:30,1.1927264694600055,0,0
13300.0,3:41:40,0.8962083861350263,0,0
13310.0,3:41:50,0.7366597507782968,0,0
13320.0,3:42:00,0.6180079514457604,0,0
13330.0,3:42:10,0.5693315016281923,0,0
13340.0,3:42:20,0.5427514758648148,0,0
13350.0,3:42:30,0.5180858390362165,0,0
13360.0,3:42:40,0.4971459786820129,0,0
13370.0,3:42:50,0.4762769521979636,0,0
13380.0,3:43:00,0.4445907705001379,0,0
